SMILES,label
O=C(O)CCc1c2[nH]c(c1CC(=O)O)Cc1[nH]c(c(CC(=O)O)c1CCC(=O)O)Cc1[nH]c(c(CC(=O)O)c1CCC(=O)O)Cc1[nH]c(c(CC(=O)O)c1CCC(=O)O)C2,0
O=C(O)c1ccccc1O,0
CCCCCCCCCCCCCCCC(=O)O,0
C#CC1(O)CCC2C3CCC4=CCCCC4C3C(=C)CC21CC,1
CCCc1ccc2ccccc2n1,1
COc1ccc2c3c1OC1CC(O)C=CC31CCN(C)C2,0
COC(C)(C)C,0
COC(=O)C1=C(C)NC(C)=C(C(=O)OC/C=C/c2ccccc2)C1c1cccc([N+](=O)[O-])c1,0
CC12CCC3C(CC=C4CC(O)CCC43C)C1CCC2=O,0
CCNc1nc(NC(C)(C)C)nc(SC)n1,0
CC1(C)Cc2c(-c3ccccc3)c(-c3ccc(Cl)cc3)c(CC(=O)OCC3OC(O)C(O)C(O)C3O)n2C1,1
CCN(CC)C(=O)c1cccc(C)c1,0
CN1C(=O)CC(=O)N(c2ccccc2)c2cc(Cl)ccc21,1
Cc1ncc2n1-c1ccc(Cl)cc1C(c1ccccc1F)=NC2,0
COc1cc(CNC(=O)CCCC/C=C/C(C)C)ccc1O,1
O=P1(N(CCCl)CCCl)NCCCO1,1
CC=O,0
CCCCc1nc(Cl)c(CO)n1Cc1ccc(-c2ccccc2-c2nnn[nH]2)cc1,1
O=c1[nH]c(=O)n(C2CCCO2)cc1F,1
CCNCc1cc(=O)oc2cc(OC)ccc12,0
Clc1cc(Cl)c(Cl)c(Cl)c1Cl,0
FC(F)OC(F)(F)C(F)Cl,0
CCCN(CCC)CCc1cccc2c1CC(=O)N2,0
COc1cc(C2c3cc4c(cc3C(OC3OC5COC(c6cccs6)OC5C(O)C3O)C3COC(=O)C23)OCO4)cc(OC)c1O,0
CC(C)Cc1ccc(C(C)C(=O)O)cc1,1
COC(=O)C1C(O)CCC2CN3CCc4c([nH]c5ccccc45)C3CC21,0
CC(=O)Nc1ccccc1,0
CC(C)c1c(C(=O)Nc2ccccc2)c(-c2ccccc2)c(-c2ccc(F)cc2)n1CCC(O)CC(O)CC(=O)O,0
COc1cc(C(=O)NS(=O)(=O)c2ccccc2C)ccc1Cc1cn(C)c2ccc(NC(=O)OC3CCCC3)cc12,0
CCCCNC(=O)NS(=O)(=O)c1ccc(C)cc1,1
CCCN1CCCC(c2cccc(S(C)(=O)=O)c2)C1,0
CCC1C(=O)OCC1Cc1cncn1C,0
CN1CCC23c4c5ccc(O)c4OC2C(=O)CCC3C1C5,1
COc1ccccc1C(C)=O,0
CCc1ccc(CCOc2ccc(CC3SC(=O)NC3=O)cc2)nc1,0
Cc1ccccc1C,0
CN(C)CC1CCn2cc(c3ccccc32)C2=C(C(=O)NC2=O)c2cn(c3ccccc23)CCO1,0
COc1ccc(C(=O)Nc2c(Cl)cncc2Cl)cc1OC1CCCC1,0
C=C(C)c1ccc(OC)c(CNC2C3CCN(CC3)C2C(c2ccccc2)c2ccccc2)c1,0
CCCCCc1cc(O)c2c(c1)OC(C)(C)C1C(O)C=C(C)CC21,1
CCC1(C)CC(=O)NC1=O,0
CCC(N)Cc1ccc2c(c1)OCO2,0
c1ccc2c(c1)ccc1nc3ccc4ccccc4c3cc12,0
CN(C)Cc1nnc2n1-c1ccc(Cl)cc1C(c1ccccc1)=NC2,0
CC1CCC2C(C)C(OCc3ccc(C(=O)O)cc3)OC3OC4(C)CCC1C32OO4,0
CCCCN1CCCCC1C(=O)Nc1c(C)cccc1C,0
CN1C(=O)CN=C(c2ccccc2)c2cc(Cl)ccc21,1
COc1ccc(-c2cc(=O)c3c(O)c(OC)c(O)cc3o2)cc1OC,1
O=c1c(O)c(-c2ccccc2)oc2cc(O)cc(O)c12,1
CCN(C=O)CC,0
Cc1cc(Nc2cc(N3CCN(C)CC3)nc(Sc3ccc(NC(=O)C4CC4)cc3)n2)n[nH]1,0
Cn1cc(S(C)=O)c(=O)c2ccc(F)cc21,0
COc1cc2c(c(OC)c1OC)-c1ccc(OC)c(=O)cc1C(NC(C)=O)CC2,0
Clc1cccc(N2CCNCC2)c1,0
CC1=C(/C=C/C(C)=C/C=C/C(C)=C/C=O)C(C)(C)CCC1,1
COc1ccc2[nH]cc(CCN)c2c1,0
CCCC1OC2CC3C4CCC5=CC(=O)C=CC5(C)C4C(O)CC3(C)C2(C(=O)CO)O1,0
CCCCN(CCCC)N=O,0
Nc1ncnc2c1ncn2CCOCP1(=O)OCCC(c2cccc(Cl)c2)O1,0
CCC(OC(C)=O)C(CC(C)N(C)C)(c1ccccc1)c1ccccc1,0
COc1ccc(C(CN(C)C)C2(O)CCCCC2)cc1,1
COc1cc(C(C)=O)ccc1OCCCN1CCC(c2noc3cc(F)ccc23)CC1,0
CCCCC/C=C/C/C=C/CCCCCCCC(=O)O,1
Cc1ccccc1-n1c(C)nc2ccccc2c1=O,0
Clc1ccccc1CN1CCc2sccc2C1,1
CC(C)/N=C(N)/N=C(\N)Nc1ccc(Cl)c(Cl)c1,0
CC1=C(/C=C/C(C)=C/C=C/C(C)=C\C(=O)O)C(C)(C)CCC1,1
CN1C2CCC1CC(NC(=O)c1cc(Cl)cc3c1OC(C)(C)C3)C2,0
CCCCc1nc(Cl)c(C=O)n1Cc1ccc(-c2ccccc2-c2nnn[nH]2)cc1,1
Cc1c(OCC(F)(F)F)ccnc1CS(=O)c1nc2ccccc2[nH]1,1
c1ccc2c(c1)ccc1cc3c(ccc4ccccc43)cc12,1
CC12CCC(=O)C=C1CCC1C2CCC2(C)C(O)CCC12,1
CC(C)Nc1cccnc1N1CCN(C(=O)c2cc3cc(NS(C)(=O)=O)ccc3[nH]2)CC1,0
[N:1]1([CH3:11])[CH2:6][CH2:8][CH:10]=[C:9]([c:12]2[n:3][n:2]([CH2:13][CH3:14])[n:5][n:4]2)[CH2:7]1,0
Cc1ccc(C(=O)C(C)CN2CCCCC2)cc1,0
C=C(C)C1Cc2c(ccc3c2OC2COc4cc(OC)c(OC)cc4C2C3=O)O1,0
CC(c1cc2ccccc2s1)N(O)C(N)=O,1
CCc1cccc(CC)c1N(COC)C(=O)CCl,0
CCN(CC)S(=O)(=O)NC1CC2c3cccc4c3c(cn4CC)CC2N(C)C1,0
CN(C)CCc1c[nH]c2ccc(CC3COC(=O)N3)cc12,0
CCCC1OC2CC3C4CC(F)C5=CC(=O)CCC5(C)C4(F)C(O)CC3(C)C2(SC)O1,0
CC1=CCC2C(C1)C2(C)C,0
CC(OC1OCCN(Cc2n[nH]c(=O)[nH]2)C1c1ccc(F)cc1)c1cc(C(F)(F)F)cc(C(F)(F)F)c1,0
CN(C)CCCN1c2ccccc2Sc2ccc(Cl)cc21,1
CN1C(=O)NC(=O)C(C)(C2=CCCCC2)C1=O,0
CNC(C)Cc1ccc(OC)cc1,0
COc1ccc(NS(=O)(=O)C(F)(F)F)cc1CC1COc2ccc(OCc3nc4cc(F)c(F)cc4s3)cc2C1O,0
CN1CCCC1CC1CNc2ccc(CCS(=O)(=O)c3ccccc3)cc21,1
O=c1cc(C(F)(F)F)c2ccc(OCc3ccccc3)cc2o1,1
CNC(=O)Oc1cccc2ccccc12,0
O=NN1CCCC1,0
c1ccc2[nH]ccc2c1,0
Nc1nc(N)c2nc(-c3ccccc3)c(N)nc2n1,0
COc1ccc2[nH]cc(CCN(C)C)c2c1,0
CC(=O)NC(CS/C(F)=C(/OCF)C(F)F)C(=O)O,0
Cc1c(C)c2c(c(C)c1O)CCC(C)(COc1ccc(CC3SC(=O)NC3=O)cc1)O2,0
Cc1ccccc1C(=O)N1CC/C(=N\OS(=O)(=O)O)c2ccc(Cl)cc21,1
CCOP(=S)(OCC)Oc1cc(C)nc(C(C)C)n1,0
O=C1CCC(N2C(=O)c3ccccc3C2=O)C(=O)N1,1
CCc1nn(CCCN2CCN(c3cccc(Cl)c3)CC2)c(=O)n1CCOc1ccccc1,0
CN(C)C(=O)C(CCN1CCC(O)(c2ccc(Cl)cc2)CC1)(c1ccccc1)c1ccccc1,0
CCC(=O)N(c1ccccc1)C1CCN(CCc2ccccc2)CC1,0
CC1OC2(CS1)CN1CCC2CC1,1
CCC(=O)C(CC(C)N(C)C)(c1ccccc1)c1ccccc1,0
CN(C)CCCC1(c2ccc(F)cc2)OCc2cc(C#N)ccc21,0
C/C=C/CC(C)C(=O)C1C(=O)NC(C(C)C)C(=O)N(C)CC(=O)N(C)C(CC(C)C)C(=O)NC(C(C)C)C(=O)N(C)C(CC(C)C)C(=O)NC(C)C(=O)NC(C)C(=O)N(C)C(CC(C)C)C(=O)N(C)C(CC(C)C)C(=O)N(C)C(C(C)C)C(=O)N1C,0
CN(C)CCCCCN1c2ccccc2Sc2ccc(C(F)(F)F)cc21,1
CN(C)CCCN1c2ccccc2CCc2ccc(Cl)cc21,0
CC(C)(C)NCC(O)COc1nsnc1N1CCOCC1,0
CC1Cc2c(Cl)cc(C(=O)NC(Cc3ccccc3)C(=O)O)c(O)c2C(=O)O1,1
COc1ccccc1CC(C)N,0
Cc1ccc(NC(=O)c2ccc(CN3CCN(C)CC3)cc2)cc1Nc1nccc(-c2cccnc2)n1,0
c1ccc2ncccc2c1,0
Cc1cccc(Nc2ccncc2S(=O)(=O)NC(=O)NC(C)C)c1,1
O=c1ccc2nc3ccc(OCOCc4ccccc4)cc3oc-2c1,1
Cc1ccc(O)c(C(CCN(C(C)C)C(C)C)c2ccccc2)c1,1
CNc1cccc(-c2ccnc3c(C(=O)c4cccs4)cnn23)c1,0
CC(C)(C)c1cc(CC2SCNC2=O)cc(C(C)(C)C)c1O,0
Cc1nccn1CC1CCc2c(c3ccccc3n2C)C1=O,0
CN(C(=O)c1c(O)c2ccccc2n(C)c1=O)c1ccccc1,0
Cc1cccc(Nc2ccccc2C(=O)O)c1C,1
CC1C(=O)CC2(C(C)C)CC12,0
CCN(CC)CC#CC(C)(C)OC(=O)C(O)(c1ccccc1)C1CCCCC1,0
CNC(C)Cc1ccccc1OC,0
CC(C)(C)NC(=O)C1CCC2C3CCC4NC(=O)C=CC4(C)C3CCC12C,0
O=NN1CCCC1c1cccnc1,0
O=[N+]([O-])c1cc2c3ccccc3ccc2c2ccccc12,0
COC(OC)C1(C)Oc2ccc(N)cc2C(N(Cc2nnn(C)n2)c2ccc(Cl)cc2)C1O,1
CCCCCCCC/C=C\CCCCCCCC(=O)O,0
CC(CN(C)C)CN1c2ccccc2CCc2ccccc21,0
CCc1cccc2c3c([nH]c12)C(CC)(CC(=O)O)OCC3,1
CCOc1ccc(NC(C)=O)cc1,1
CNCCC(Oc1ccccc1C)c1ccccc1,1
CCOCN(C(=O)CCl)c1c(C)cccc1CC,0
O=C(CCCN1CCC(O)(c2ccc(Cl)cc2)CC1)c1ccc(F)cc1,1
COc1ccc(-c2coc3cc(O)ccc3c2=O)cc1,1
CC1SC(c2cccnc2)N(C)C1=O,0
CCC1OCC(C)C(OC2CC(C)(OC)C(O)C(C)O2)C(C)C(OC2OC(C)CC(N(C)C)C2O)C(C)(O)CC(C)CC(C)C(O)C1(C)O,0
CCOC(=O)C1=C(C)NC(C)=C(C(=O)OC)C1c1cccc(Cl)c1Cl,0
c1cnc(N2CCNCC2)nc1,0
C1CCN2CC3CC(CN4CCCCC34)C2C1,0
CCC(c1ccccc1)c1c(O)c2ccccc2oc1=O,1
CC(=O)c1cc2ccccc2s1,0
COc1ccc(C(C)C)cc1CNC1C2CCN(CC2)C1C(c1ccccc1)c1ccccc1,0
CCC(C)(C)OC,0
CCc1c2c(nc3ccc(OC(=O)N4CCC(N5CCCCC5)CC4)cc13)-c1cc3c(c(=O)n1C2)COC(=O)C3(O)CC,0
CC(CCC(=O)O)C1CCC2C3CCC4CC(O)CCC4(C)C3CCC12C,0
CNCCCC12CCC(c3ccccc31)c1ccccc12,0
CCS(=O)c1c(C#N)nn(-c2c(Cl)cc(C(F)(F)F)cc2Cl)c1N,0
CC/C=C\C/C=C\C/C=C\C/C=C\C/C=C\CCCC(=O)O,1
CC(C)(C)c1ccc(C(=O)CCN2CCC(OC(c3ccccc3)c3ccccc3)CC2)cc1,0
CC(C)N(CCC(C(N)=O)(c1ccccc1)c1ccccn1)C(C)C,0
COc1c2occc2cc2ccc(=O)oc12,0
CCN(CC)CC#CCOC(=O)C(O)(c1ccccc1)C1CCCCC1,0
CC(C)Oc1ccc2c(=O)c(-c3ccccc3)coc2c1,1
CCN(CC)N=O,1
CCC(Cc1ccc2c(c1)OCO2)NC,0
CCN(CC)C(=S)SC,0
CCCCC/C=C\C/C=C\C/C=C\C/C=C\CCCC(=O)O,1
CNC=O,0
CCOc1ccccc1OCCNC(C)Cc1ccc(OC)c(S(N)(=O)=O)c1,0
CCC(C)(C)C(=O)OC1CC(C)C=C2C=CC(C)C(CCC(O)CC(O)CC(=O)O)C21,0
Fc1ccccc1C1=NCC(=S)N(CC(F)(F)F)c2ccc(Cl)cc21,1
Cc1cc(-c2ccccc2)nnc1NCCN1CCOCC1,0
CCCN1CCCCC1C(=O)Nc1c(C)cccc1C,0
O=C(OC1CC2CC3CC(C1)N2CC3O)c1c[nH]c2ccccc12,0
O=Cc1c2ccccc2cc2ccccc12,0
C=CCC1/C=C(\C)CC(C)CC(OC)C(O)C2CC(C)C(O)(O2)C(=O)C(=O)N2CCCCC2C(=O)OC(/C(C)=C/C2CCC(O)C(OC)C2)C(C)C(O)CC1=O,0
CC(C(=O)c1ccc2c(c1)OCO2)N1CCCC1,0
Cc1nc2n(c(=O)c1CCN1CCC(c3noc4cc(F)ccc34)CC1)CCCC2,0
CCc1nn(CCCN2CCN(c3cccc(Cl)c3)CC2)c(=O)n1CC,0
NC(=O)N1c2ccccc2C=Cc2ccccc21,0
COC(=O)C(c1ccccc1Cl)N1CCC2=C(CC(=O)S2)C1,1
C/C=C/c1ccccc1,0
CNC(=O)Oc1cc(C)c(SC)c(C)c1,1
COc1ccc(C(=O)C(C)N2CCCC2)cc1,0
Nc1c(Br)cc(Br)cc1CNC1CCC(O)CC1,0
CC#CC1(O)CCC2C3CCC4=CC(=O)CCC4=C3C(c3ccc(N(C)C)cc3)CC21C,0
CCOC(C)(C)C,0
CCC(C(=O)c1ccc(C)cc1)N1CCCC1,0
FC(F)(F)C(Cl)Br,0
COc1ccc(N2CCc3c(NCCO)nc4c(OC(F)(F)F)cccc4c32)c(C)c1,1
OCCc1ccccc1Nc1c(Cl)cccc1Cl,1
CCCOc1ccc(S(=O)(=O)NCCC2CCCN2C)cc1-c1nc2c(CCC)nn(C)c2c(=O)[nH]1,0
CCCCN(CCCC)CCC(O)c1cc2c(Cl)cc(Cl)cc2c2cc(C(F)(F)F)ccc12,0
Cn1c(N)nc2ncc(-c3ccccc3)cc21,0
O=C1Nc2ccc(Cl)cc2C(C#CC2CC2)(C(F)(F)F)O1,1
CNC1CCC(c2ccc(Cl)c(Cl)c2)c2ccccc21,1
CNCCC=C1c2ccccc2CCc2ccccc21,0
CCN(C(C)=O)c1cccc(-c2ccnc3c(C#N)cnn23)c1,0
CC(=O)Nc1ccc(OC(C)C)cc1,0
COc1cccc(CC(C)N)c1,0
CC(N)Cc1cccc(C(F)(F)F)c1,0
c1ccoc1,0
CCOc1ccc2c(C(F)(F)F)cc(=O)oc2c1,1
C#CC1(O)CCC2C3CCc4cc(O)ccc4C3CCC21C,1
Cn1c(N)nc2c3cccnc3ccc21,0
Cc1onc(-c2c(F)cccc2Cl)c1C(=O)NC1C(=O)N2C1SC(C)(C)C2C(=O)O,0
C/C=C(/C)C(=O)OC1Cc2cc3ccc(=O)oc3cc2OC1(C)C,0
COc1cc2ncnc(Nc3ccc(F)c(Cl)c3)c2cc1OCCCN1CCOCC1,0
CNC(=O)c1cccc(NCC(=O)NCCc2ccc(OC)c(OC)c2)c1,0
OCCN1CCN(CCCN2c3ccccc3Sc3ccc(C(F)(F)F)cc32)CC1,0
C1CCC(C(CC2CCCCN2)C2CCCCC2)CC1,0
CC(NC(N)=O)c1cc2ccccc2s1,1
CC1COC2(c3ccccc3Cl)c3cc(Cl)ccc3NC(=O)CN12,0
Cc1cc(NS(=O)(=O)c2ccc(N)cc2)no1,1
Cc1nn(C)c(Cl)c1C(=O)Nc1cccc2c1C(C)OC2(C)C,0
CNCCCC1(c2ccc(F)cc2)OCc2cc(C#N)ccc21,0
Cc1nc2n(c(=O)c1CCN1CCC(c3noc4cc(F)ccc34)CC1)CCCC2O,0
CC(CCC(=O)O)C1CCC2C3CCC4CC(O)CCC4(C)C3CC(O)C12C,0
CC(c1ncncc1F)C(O)(Cn1cncn1)c1ccc(F)cc1F,1
Nc1c2c(nc3ccccc13)CCCC2,0
COC(=O)C1CC2=CC(=O)CCC2(C)C23OC2CC2(C)C(CCC24CCC(=O)O4)C13,0
CC(C)(C)NC(=O)C1CN(Cc2cccnc2)CCN1CC(O)CC(Cc1ccccc1)C(=O)NC1c2ccccc2CC1O,0
c1ccc(C2(c3ccccc3)CC2C2=NCCN2)cc1,0
CCCCCOc1ccc2nc3ccc(=O)cc-3oc2c1,0
CCO,1
COc1ccc2c3c([nH]c2c1)C(C)=NCC3,0
CNC(C)Cc1ccc2c(c1)OCO2,0
CCN(CC)CCCC(C)Nc1ccnc2cc(Cl)ccc12,0
CCCCOCN(C(=O)CCl)c1c(CC)cccc1CC,0
Cc1cnc(NC(=O)C2=C(O)c3ccccc3S(=O)(=O)N2C)s1,1
C#CC1(O)C=CC2C3CCC4=CC(=O)CCC4C3C(=C)CC21C,0
CCCCC(=O)N(Cc1ccc(-c2ccccc2-c2nnn[nH]2)cc1)C(C(=O)O)C(C)C,1
COC(=O)c1c(C)nc(C)c(C(=O)OC/C=C/c2ccccc2)c1-c1cccc([N+](=O)[O-])c1,0
Nc1ccc2ccccc2c1,0
CC(=O)NC(CSC(F)(F)C(OCF)C(F)F)C(=O)O,0
CC12CCC3c4ccc(O)cc4CCC3C1CCC2O,1
C=Cc1ccccc1,1
CN(C)CCC=C1c2ccccc2CCc2ccccc21,1
CSc1nc(-c2ccnc(NC(C)c3ccccc3)c2)c(-c2ccc(F)cc2)[nH]1,1
COC(=O)C1=C(C)NC(C)=C(C(=O)OC)C1c1ccccc1[N+](=O)[O-],0
CCCCCN(CCCCC)N=O,1
O=c1n(CCCN2CCN(c3cccc(Cl)c3)CC2)nc2ccccn12,0
CC1(C)Cc2c(-c3ccccc3)c(-c3ccc(Cl)cc3)c(CC(=O)O)n2C1,1
Cc1ccsc1-c1ccc(C(C)C(=O)O)cc1,1
COCCCC/C(=N\OCCN)c1ccc(C(F)(F)F)cc1,0
C#CCN(C)C(C)Cc1ccccc1,1
CCNc1nc(Cl)nc(NC(C)C)n1,0
COCc1c(C(C)C)nc(C(C)C)c(/C=C/C(O)CC(O)CC(=O)O)c1-c1ccc(F)cc1,0
O=S1OCC2C(CO1)C1(Cl)C(Cl)=C(Cl)C2(Cl)C1(Cl)Cl,0
O=C1CCc2cc(OCCCCc3nnnn3C3CCCCC3)ccc2N1,0
N#Cc1nn(-c2c(Cl)cc(C(F)(F)F)cc2Cl)c(N)c1S(=O)C(F)(F)F,0
CN(CCOc1ccc(CC2SC(=O)NC2=O)cc1)c1ccccn1,1
COc1ccc2cc(CCC(C)=O)ccc2c1,0
N#Cc1c(Cl)cccc1Cl,0
COc1c(OC)c(OC)c2c(=O)cc(-c3ccc(O)cc3)oc2c1OC,0
CCCCCCOc1ccc2ccc(=O)oc2c1,0
FC(F)(F)C(Cl)Cl,0
Cc1cc2c(s1)Nc1ccccc1N=C2N1CCNCC1,0
COc1ccc(/C=C2\CCCN=C2c2cccnc2)c(OC)c1,0
CC(N)Cc1ccc2c(c1)OCO2,0
Cc1cccc(C)c1OCC(=O)NC(Cc1ccccc1)C(O)CC(Cc1ccccc1)NC(=O)C(C(C)C)N1CCCNC1=O,0
c1ccc2c(c1)ccc1ccccc12,1
CCCCCNC(=N)N/N=C/c1c[nH]c2ccc(OC)cc12,0
O=[N+]([O-])/N=C1\NCCN1Cc1ccc(Cl)nc1,0
COc1cc(N)c(Cl)cc1C(=O)NC1CCN(CCCOc2ccc(F)cc2)CC1OC,0
Cc1ccnc2c1NC(=O)c1cccnc1N2C1CC1,1
COc1ccc(OC(=O)N(CC(=O)O)Cc2ccc(OCCc3nc(-c4ccccc4)oc3C)cc2)cc1,1
CNC(=O)Oc1cccc2c1OC(C)(C)C2,0
CC(C)(O)c1ccccc1CCC(SCC1(CC(=O)O)CC1)c1cccc(/C=C/c2ccc3ccc(Cl)cc3n2)c1,1
N#Cc1cccc2sc(C(=O)NC(=N)N)cc12,0
NC(N)=N/N=C/c1c(Cl)cccc1Cl,0
COc1ccc(CCN2CCC(Nc3nc4ccccc4n3Cc3ccc(F)cc3)CC2)cc1,0
CN(C)N/N=C1\N=CN=C1C(N)=O,0
CN1C(=O)C(O)N=C(c2ccccc2)c2cc(Cl)ccc21,1
Nc1ccc(Cc2ccc(N)c(Cl)c2)cc1Cl,0
COc1ccc2c(C(=O)c3cc(OC)c(OC)c(OC)c3)c[nH]c2c1,1
CC(CN(C)C)CN1c2ccccc2Sc2ccc(C#N)cc21,1
COc1ccc(CCN(C)CCCC(C#N)(c2ccc(OC)c(OC)c2)C(C)C)cc1OC,1
CN1CCN2c3ccccc3Cc3ccccc3C2C1,0
COC(=O)C1=C(C)NC(C)=C(C(=O)OC2CCN(Cc3ccccc3)C2)C1c1cccc([N+](=O)[O-])c1,0
CCCCCN(C)N=O,0
COc1ccc(N2CCNCC2)cc1,0
OCCCOc1cccc(CN2CCCCC2)c1,0
Clc1ccc(Cl)c(Cl)c1,0
CCNC(C)Cc1ccc2c(c1)OCO2,1
CNC(=O)Cc1ccc2ccn(C3CCN(CCc4ccccc4F)CC3)c2c1,0
COc1ccc(-c2cc(C(F)(F)F)nn2-c2ccc(S(N)(=O)=O)c(CO)c2)cc1,0
COC12CCC3(CC1C(C)(O)C(C)(C)C)C1Cc4ccc(O)c5c4C3(CCN1CC1CC1)C2O5,0
Oc1ccc2c(cc3ccc4cccc5ccc2c3c45)c1O,0
COc1ccc(C(c2ccc(OC)cc2)C(Cl)(Cl)Cl)cc1,1
NS(=O)(=O)Cc1noc2ccccc12,0
COc1ccc2[nH]cc(CCN(C(C)C)C(C)C)c2c1,1
COC(=O)OC12COC1CC(O)C1(C)C(=O)C(OC(C)=O)C3=C(C)C(OC(=O)C(O)C(NC(=O)OC(C)(C)C)C(C)(C)C)CC(O)(C(OC(=O)c4ccccc4)C21)C3(C)C,0
O=[N+]([O-])c1cc2ccc3cccc4ccc(c1)c2c34,0
COc1ccc(-c2oc3cc(O)cc(O)c3c(=O)c2O)cc1,1
N=C(N)N1CCc2ccccc2C1,0
CCN(C(=O)c1c(O)c2c(Cl)cccc2n(C)c1=O)c1ccccc1,0
Cc1c(O)cccc1C(=O)NC(CSc1ccccc1)C(O)CN1CC2CCCCC2CC1C(=O)NC(C)(C)C,0
COC(=O)C1C(OC(=O)c2ccccc2)CC2CCC1N2C,0
O=c1c(-c2ccc(O)cc2)coc2cc(O)cc(O)c12,0
CN(C)CCOc1ccc(/C(=C(/CCCl)c2ccccc2)c2ccccc2)cc1,0
BrCCBr,0
Cc1cc(NC(=O)NC(=O)c2ccccc2N(C)C)ccc1Oc1ncc(Br)cn1,0
COC1/C=C/OC2(C)Oc3c(C)c(O)c4c(c3C2=O)C2=NC3(CCN(CC(C)C)CC3)NC2=C(CC(=O)/C(C)=C\C=C\C(C)C(O)C(C)C(O)C(C)C(OC(C)=O)C1C)C4=O,0
CN1CCCC(n2nc(Cc3ccc(Cl)cc3)c3ccccc3c2=O)CC1,0
COc1ccccc1OCCNCC(O)COc1cccc2[nH]c3ccccc3c12,1
CC(C)(C)NC(=O)C1CC2CCCCC2CN1CC(O)C(Cc1ccccc1)NC(=O)C(CC(N)=O)NC(=O)c1ccc2ccccc2n1,0
Nc1ccc([N+](=O)[O-])c(C(F)(F)F)c1,1
CCC(=O)OC(Cc1ccccc1)(c1ccccc1)C(C)CN(C)C,0
COC1CC(OC2C(C)OC(OC3/C(C)=C/CC4CCC(CC5(CCC(C(C)C)CO5)O4)OC(=O)C4C=C(C)C(O)C5CC/C(=C\C=C\C3C)C45O)CC2OC)OC(C)C1O,0
CCN(CC)CC(=O)Nc1c(C)cccc1C,1
ClC(Cl)Br,0
COc1ccc(-c2cc(=O)c3c(OC)c(OC)c(OC)c(OC)c3o2)cc1,0
CN(CCC(O)C(=O)c1cccnc1)N=O,0
COc1ccnc(CS(=O)c2nc3ccc(OC(F)F)cc3[nH]2)c1OC,0
Cc1cc2c(s1)Nc1ccccc1N=C2N1CCN(C)CC1,0
Fc1ccc(C(OCCN2CCN(CCCc3ccccc3)CC2)c2ccc(F)cc2)cc1,0
CCN(CC)CCNC(=O)c1cc(Cl)c(N)cc1OC,0
CC12CCC(CC1)C(C)(C)O2,0
CCOP(=S)(OCC)Oc1ccc([N+](=O)[O-])cc1,1
COC1CC2CCC(C)C(O)(O2)C(=O)C(=O)N2CCCCC2C(=O)OC(C(C)CC2CCC(O)C(OC)C2)CC(=O)C(C)/C=C(\C)C(O)C(OC)C(=O)C(C)CC(C)/C=C/C=C/C=C/1C,0
CCCOc1ccc(S(=O)(=O)N2CCN(CC)CC2)cc1-c1nc2c(CC)n(Cc3ccccn3)nc2c(=O)[nH]1,0
CCCC1CC(C(=O)NC(C(C)Cl)C2OC(SC)C(O)C(O)C2O)N(C)C1,0
CC1CC2C3CCC4=CC(=O)C=CC4(C)C3(F)C(O)CC2(C)C1(O)C(=O)CO,0
CC(Nc1cc(-c2nc(S(C)=O)[nH]c2-c2ccc(F)cc2)ccn1)c1ccccc1,0
c1ccc2c(c1)Sc1ccccc1N2CC12CCN(CC1)CC2,0
CN(C)c1ccc(C2CC3(C)C(CCC3(O)CCCO)C3CCC4=CC(=O)CCC4=C23)cc1,0
Nc1ccc(S(=O)(=O)Nc2ncccn2)cc1,1
CN(C)N=O,1
CCN(CC)CCCC(C)Nc1c2ccc(Cl)cc2nc2ccc(OC)cc12,0
Cc1ccc(C)cc1,0
CCOP(=S)(OCC)Oc1nc(Cl)c(Cl)cc1Cl,1
CN(C)c1ccc(C2CC3(C)C(CCC3(O)/C=C/CO)C3CCC4=CC(=O)CCC4=C23)cc1,0
CC(=O)C1CCC2C3CC=C4CC(O)CCC4(C)C3CCC12C,0
COc1cccc(OC)c1-c1ccc(CC(NC(=O)c2c(Cl)cccc2Cl)C(=O)O)cc1,1
C/C=C/CC(C)C(O)C1C(=O)NC(CC)C(=O)N(C)CC(=O)N(C)C(CC(C)C)C(=O)NC(C(C)C)C(=O)N(C)C(CC(C)C)C(=O)NC(C)C(=O)NC(COCCO)C(=O)N(C)C(CC(C)C)C(=O)N(C)C(CC(C)C)C(=O)N(C)C(C(C)C)C(=O)N1C,0
CN1C(C(=O)Nc2ccccn2)=C(O)c2sc(Cl)cc2S1(=O)=O,1
Cc1c[nH]c2ccccc12,0
CCOc1ccc2c3c1OC1C(O)C=CC4C(C2)N(C)CCC341,0
Cc1nnc2n1-c1ccc(Cl)cc1C(c1ccccc1)=NC2,0
CCN(CC)C(=O)SC,1
CCCCC1=NC2(CCCC2)C(=O)N1Cc1ccc(-c2ccccc2-c2nn[nH]n2)cc1,1
CCCN(CCC)N=O,1
CCOC(=O)CC(SP(=S)(OC)OC)C(=O)OCC,0
Cc1c2ccccc2nc2c1ccc1ccccc12,0
CCC(=O)N(c1ccccc1)C1(COC)CCN(CCn2nnn(CC)c2=O)CC1,0
CCC1OC(=O)C(C)C(OC2CC(C)(OC)C(O)C(C)O2)C(C)C(OC2OC(C)CC(N(C)C)C2O)C(C)(O)CC(C)/C(=N\OCOCCOC)C(C)C(O)C1(C)O,0
COc1ccc2c(CN)cc(=O)oc2c1,0
CC1=C(C)C(=O)C(C(CCCCCC(=O)O)c2ccccc2)=C(C)C1=O,1
Nc1nc(OCc2ccccc2)c2[nH]cnc2n1,0
O=P1(N(CCCl)CCCl)OCCCN1CCCl,0
Cc1c2ccncc2c(C)c2c1[nH]c1ccccc12,1
O=C1NC(=O)C(c2ccccc2)(c2ccccc2)N1,1
COC12CC(CO)CN(C)C1Cc1cn(C)c3cccc2c13,0
CN(C)CCOC1=Cc2ccccc2Sc2ccc(Cl)cc21,1
COc1cc(Br)c2oc(C3CCNCC3)cc2c1,0
CC(=O)OC1C(=O)C2(C)C(O)CC3OCC3(OC(C)=O)C2C(OC(=O)c2ccccc2)C2(O)CC(OC(=O)C(O)C(NC(=O)c3ccccc3)c3ccccc3)C(C)=C1C2(C)C,0
COc1cccc(C(C)NCCCc2ccccc2Cl)c1,0
CC1=C(/C=C/C(C)=C/C=C/C(C)=C/CO)C(C)(C)CCC1,1
CCCN(CCC)CCc1ccc(OC)c(OCCc2ccccc2)c1,1
CCCCN(C)N=O,1
CC(Cc1ccccc1)NCCC#N,0
CCC(=O)C1(c2cccc(O)c2)CCN(C)CC1,1
O=[N+]([O-])c1ccc(O)cc1,0
CC(C)CC(NC(=O)C(Cc1ccccc1)NC(=O)c1cnccn1)B(O)O,1
CC(C)(C)C1CCC(C2=C(O)C(=O)c3ccccc3C2=O)CC1,1
O=C(O)c1ccc(C(F)(F)F)cc1-c1ccc2c(c1)OCC(Cc1ccccc1)C2O,0
CC/C(=C(\c1ccccc1)c1ccc(OCCN(C)C)cc1)c1ccccc1,1
CN/C(=C\[N+](=O)[O-])NCCSCc1ccc(CN(C)C)o1,0
CC(C(=O)O)c1ccc(-c2ccccc2)c(F)c1,1
COc1ccc(CC(C)N)cc1,0
O=C(O)CCC/C=C\CC1C2CCC(C2)C1NS(=O)(=O)c1ccccc1,1
Cc1cccc(C)c1,0
CC(C(O)c1ccc(O)cc1)N1CCC(O)(c2ccccc2)CC1,0
C=CCc1ccc(O)c(OC)c1,1
CN(C)CCC=C1c2ccccc2C=Cc2ccccc21,0
COCC(c1ccc(C(F)(F)F)cc1)N1CCN(C2(C)CCN(C(=O)c3c(C)ncnc3C)CC2)CC1C,1
COc1cc(-c2cc3c(c(=O)o2)CC2(O)C(C)(CCC4(O)C(C)(C)C=CC(=O)C42C)O3)cc2c1OCO2,0
COc1ccc(OC(F)(F)F)cc1CN,1
Cc1ccc(-c2nc3ccc(C)cn3c2CC(=O)N(C)C)cc1,1
Cc1cc(=O)n(-c2ccccc2)n1C,1
O=C(OCc1ccccc1)c1ccccc1-c1c2ccc(=O)cc-2oc2cc(OCc3ccccc3)ccc12,1
CC(CCC(=O)O)C1CCC2C3C(O)CC4CC(O)CCC4(C)C3CC(O)C12C,0
Clc1ccc(Cl)c(-c2cc(Cl)c(Cl)cc2Cl)c1,0
CN(C)CCCN1c2ccccc2Sc2ccccc21,1
CNC(CC(C)C)C1(c2ccc(Cl)cc2)CCC1,0
CCOc1cc(CC(=O)NC(CC(C)C)c2ccccc2N2CCCCC2)ccc1C(=O)O,0
COc1ccc2c(C(F)(F)F)cc(=O)oc2c1,1
O=c1ccc2nc3ccc(OCc4ccccc4)cc3oc-2c1,0
O=[N+]([O-])c1ccc2ccc3cccc4ccc1c2c34,0
Cc1ccc(-c2cc(C(F)(F)F)nn2-c2ccc(S(N)(=O)=O)cc2)cc1,1
O=C1C=C2CN(C(C(=O)C3CC3)c3ccccc3F)CCC2S1,1
CC/C(=C(\c1ccc(O)cc1)c1ccc(OCCN(C)C)cc1)c1ccccc1,0
Cc1nnc2n1-c1sc(Br)cc1C(c1ccccc1Cl)=NC2,0
CC(OC1OCCNC1c1ccc(F)cc1)c1cc(C(F)(F)F)cc(C(F)(F)F)c1,0
CCCCCN(CCCOC)C(=O)C(CCC(=O)O)NC(=O)c1ccc(Cl)c(Cl)c1,1
CN1CC2Cc3ccc(O)c4c3C3(C1)C2C=CC(O)C3O4,0
C=CCSSCC=C,1
O=P1(NCCCl)OCCCN1CCCl,1
CCOP(=S)(OCC)SCSCC,1
c1ccc2cnccc2c1,0
COc1ccccc1Oc1c(NS(=O)(=O)c2ccc(C(C)(C)C)cc2)nc(-c2ncccn2)nc1OCCO,1
COc1c2ccoc2cc2oc(=O)ccc12,0
c1ccc2c(c1)cc1ccc3cccc4ccc2c1c34,1
CCc1cc2c(s1)N(C)C(=O)CN=C2c1ccccc1Cl,0
CC(=O)Nc1ccc2c(c1)Cc1ccccc1-2,0
CCC1(c2ccccc2)C(=O)NC(=O)N(C)C1=O,0
CC(C(=O)O)c1ccc(C(=O)c2cccs2)cc1,1
CC(C#Cc1ccc(Cc2ccccc2)s1)N(O)C(N)=O,1
COc1ccc2c(c1)Oc1cc(O)ccc1C21OC(=O)c2ccccc21,1
Cc1ncsc1CCCl,0
O=C1CN=C(c2ccccc2F)c2cc(Cl)ccc2N1CC(F)(F)F,1
Clc1ccc2c(c1)C(c1ccccc1)=NCc1nncn1-2,0
CCCC(CCC)C(=O)O,1
Cc1nc2c(c(=O)n(C)c(=O)n2Cc2ccco2)n1C,0
[N:1]1([CH:5]([c:9]2[cH:12][cH:16][cH:21][cH:18][cH:14]2)[c:10]2[cH:13][cH:17][cH:22][cH:19][cH:15]2)[CH2:3][CH2:6][N:2]([CH2:8]/[CH:11]=[CH:20]/[c:23]2[cH:24][cH:26][cH:28][cH:27][cH:25]2)[CH2:7][CH2:4]1,1
CCc1cccc2cc(C(O)CNC(C)(C)C)oc12,0
CC(C)CC1NC(=O)C(C)N(C)C(=O)CNC(=O)/C(=C\c2ccccc2)N(C)C1=O,0
NC(=O)c1c(Cl)c(-c2cccnc2)n2c1CCCC2,1
CC(C)CC(N(C)C)C1(c2ccc(Cl)cc2)CCC1,0
COc1cc2c(c3oc(=O)c4c(c13)CCC4=O)C1C=COC1O2,0
CCCNC(=O)NS(=O)(=O)c1ccc(Cl)cc1,1
O=C(O)COC(=O)Cc1ccccc1Nc1c(Cl)cccc1Cl,1
NC(CS/C(Cl)=C(/Cl)C(Cl)=C(Cl)Cl)C(=O)O,0
CCOc1ccc2ccc(=O)oc2c1,1
O=c1cc(C(F)(F)F)c2ccc(OCc3cc(C(F)(F)F)ccc3C(F)(F)F)cc2o1,0
COc1ccc2c3c1OC1C(O)CCC4C(C2)N(C)CCC341,0
CN(C)CCOC(c1ccccc1)c1ccccc1,1
CN1CCCCC1CCN1c2ccccc2Sc2ccc(S(C)=O)cc21,0
CN1C(=O)CN=C(c2ccccc2F)c2cc([N+](=O)[O-])ccc21,1
CC(C)NC(=N)NC(=N)Nc1ccc(Cl)cc1,1
COc1ccc2nc3ccc(=O)cc-3oc2c1,0
COc1ccc2[nH]c3c([N+](=O)[O-])ccc4c3c(nn4CCCN(C)C)c2c1,0
OCCOCCN1CCN(C2=Nc3ccccc3Sc3ccccc32)CC1,0
CN(CCCC(=O)c1cccnc1)N=O,1
CCOP(=O)(Cc1ccc(C(=O)Nc2ccc(Br)cc2C#N)cc1)OCC,0
C=CCc1ccc2c(c1)OCO2,1
CCC(=O)OC1CC(=O)OC(C)C/C=C/C=C/C(OC(C)=O)C(C)CC(CC=O)C(OC2OC(C)C(OC3CC(C)(OC(C)=O)C(OC(=O)CC)C(C)O3)C(N(C)C)C2O)C1OC,0
O=c1[nH]c2ccccc2n1C1CCN(CCCC(c2ccc(F)cc2)c2ccc(F)cc2)CC1,0
COc1ccc(C(c2ccc(O)cc2)C(Cl)(Cl)Cl)cc1,1
CCCCOc1ccc2c(C(F)(F)F)cc(=O)oc2c1,1
CC12CCC3c4ccc(O)cc4CCC3C1CCC2=O,1
CCOC(=O)C1=C(C)NC(C)=C(C(=O)OC)C1c1cccc([N+](=O)[O-])c1,0
C=C1CCC(O)C/C1=C/C=C1\CCCC2(C)C1CCC2C(C)/C=C/C(C)C(C)C,0
COc1cc([N+](=O)[O-])ccc1N/N=C(\C(C)=O)C(=O)Nc1ccccc1OC,0
Cc1cccc(C)c1OCC(C)N,0
Oc1ccc(C2Sc3cc(O)ccc3OC2c2ccc(OCCN3CCCCC3)cc2)cc1,0
O=c1c2ccccc2nc2n1CCc1c-2[nH]c2ccccc12,1
COc1ccc2[nH]c3c(c2c1)CCNC3,0
CC12CCC(=O)C=C1CCC1C2C(O)CC2(C)C1CCC2(O)C(=O)CO,0
C=CCC1/C=C(\C)CC(C)CC(OC)C2OC(O)(C(=O)C(=O)N3CCCCC3C(=O)OC(/C(C)=C/C3CCC(O)C(OC)C3)C(C)C(O)CC1=O)C(C)CC2OC,0
COC1/C=C/OC2(C)Oc3c(C)c(O)c4c(=O)c(c5oc6cc(N7CCN(CC(C)C)CC7)cc(O)c6nc-5c4c3C2=O)NC(=O)/C(C)=C\C=C\C(C)C(O)C(C)C(O)C(C)C(OC(C)=O)C1C,0
CN1CCCC1c1cccnc1,1
OCCN1CCN(CCCN2c3ccccc3Sc3ccc(Cl)cc32)CC1,1
CCn1ncnc1COc1nn2c(-c3ccccc3F)nnc2cc1C(C)(C)C,0
O=c1ccc2ccccc2o1,0
Cc1c2ccccc2c(C)c2c1ccc1ccccc12,1
CCc1cc2c(s1)-n1c(C)nnc1CN=C2c1ccccc1Cl,0
Oc1ccc(C(c2ccc(O)cc2)C(Cl)(Cl)Cl)cc1,0
CC12CCC3C(CCC4=CC(=O)CCC43C)C1CCC2=O,0
CCCCNCc1cc(=O)oc2cc(OC)ccc12,1
CC(=O)N(C)c1cccc(-c2ccnc3c(C(=O)c4cccs4)cnn23)c1,0
CC1CC2C3CCC4=CC(=O)C=CC4(C)C3=CCC2(C)C1C(=O)CN1CCN(c2cc(N3CCCC3)nc(N3CCCC3)n2)CC1,0
Cc1ccc2c(=O)c3cccc(CC(=O)O)c3oc2c1C,0
COc1ccc(OC(F)(F)F)cc1CNC1CCCNC1c1ccccc1,0
COc1ccc2c(c1)C13CCCCC1C(C2)N(C)CC3,1
COc1c(C)c2c(c(O)c1C/C=C(\C)CCC(=O)O)C(=O)OC2,0
O=S(Cc1cc(OCC2CC2)ccn1)c1nc2cc(F)ccc2[nH]1,1
CSc1ccc2c(c1)N(CCC1CCCCN1C)c1ccccc1S2,1
CC(=O)Nc1ccc(O)cc1,1
OC(CCC[n+]1ccc(-c2ccc(Cl)cc2)cc1)c1ccc(F)cc1,0
CN1CCN(C2=Nc3cc(Cl)ccc3Nc3ccccc32)CC1,1
CC(C)/N=C(N)/N=C(\N)NOCCCOc1ccc(OC(F)(F)F)cc1Cl,0
COC(=O)C1=C(C)NC(C)=C(C(=O)OCCN(C)Cc2ccccc2)C1c1cccc([N+](=O)[O-])c1,1
Cc1ccc(O)cc1,0
O=C(O)CCC1C2CCC(C2)C1NS(=O)(=O)c1ccccc1,1
CCNc1nc(Cl)nc(NC(C)(C)C)n1,0
CCN(C)N=O,1
COC(=O)C(c1ccccc1Cl)N1CCc2sccc2C1,1
CC(C)C(=O)Nc1ccc([N+](=O)[O-])c(C(F)(F)F)c1,1
CC1CC2C3CC(F)C4=CC(=O)C=CC4(C)C3(F)C(O)CC2(C)C1(O)C(=O)SCF,0
COc1ccc(C2Sc3ccccc3N(CCN(C)C)C(=O)C2OC(C)=O)cc1,1
COc1cc2c(CCN3CCN(c4cccc(Cl)c4C)CC3)nn(Cc3c[nH]cn3)c2cc1OC,1
Nc1nc2ccc(OC(F)(F)F)cc2s1,0
CC(C)CCCC(C)C1CCC2C3C(O)CC4CC(O)CCC4(C)C3CC(O)C12C,0
Cc1ccc(C(=O)C(C)N2CCCC2)cc1,0
C=CC#N,0
CC(C#Cc1ccc(Cc2ccccc2)s1)NC(N)=O,1
CCC1CC2CC3c4[nH]c5ccc(OC)cc5c4CCN(C2)C13,0
COC1CC2CCC(C)C(O)(O2)C(=O)C(=O)N2CCCCC2C(=O)OC(C(C)CC2CCC(OCCO)C(OC)C2)CC(=O)C(C)/C=C(\C)C(O)C(OC)C(=O)C(C)CC(C)/C=C/C=C/C=C/1C,0
CC1=C(/C=C/C(C)=C\C=C\C(C)=C\C=O)C(C)(C)CCC1,0
NCCc1c[nH]c2ccc(O)cc12,1
CC(=O)OC12COC1CC(O)C1(C)C(=O)C(O)C3=C(C)C(OC(=O)C(O)C(NC(=O)OC(C)(C)C)c4ccccc4)CC(O)(C(OC(=O)c4ccccc4)C21)C3(C)C,0
COc1ccc2c3c1OC1C(=O)CCC4(O)C(C2)N(C)CCC314,1
CCNC(C)Cc1cccc(C(F)(F)F)c1,0
CC[N+](C)(CC)CCc1c(C)c2ccc(OC)cc2oc1=O,0
O=C(O)Cc1cc(O)ccc1Nc1c(Cl)cccc1Cl,1
CCC1OC(=O)C(C)C(OC2CC(C)(OC)C(O)C(C)O2)C(C)C(OC2OC(C)CC(N(C)C)C2O)C(C)(OC)CC(C)C(=O)C(C)C(O)C1(C)O,0
CC(O)CCCCn1c(=O)c2c(ncn2C)n(C)c1=O,0
CN1CCN2c3ncccc3Cc3ccccc3C2C1,1
CN(C/C=C/C#CC(C)(C)C)Cc1cccc2ccccc12,1
CN1CCN(C(=O)OC2c3nccnc3C(=O)N2c2ccc(Cl)cn2)CC1,1
Cc1cc(/N=N/c2ccccc2C)ccc1N,0
COc1ccc2c(c1)c(CC(=O)NCC(O)c1ccccc1)c(C)n2C(=O)c1ccc(Cl)cc1,0
CN(C)C=O,0
COCCC1CC2CN3CCc4c([nH]c5ccccc45)C(C(=O)OC)(C2)C13,1
CCC(C)n1ncn(-c2ccc(N3CCN(c4ccc(OCC5COC(Cn6cncn6)(c6ccc(Cl)cc6Cl)O5)cc4)CC3)cc2)c1=O,0
COc1ccc2ccc(=O)oc2c1,0
COc1ccc2c3c1OC1C(O)C=CC4C(C2)N(C)CCC341,0
CCCNCc1cc(=O)oc2cc(OC)ccc12,0
CCN(CC)Cc1cc(Nc2ccnc3cc(Cl)ccc23)ccc1O,0
CCOC1OC2OC3(C)CCCC4C(C)CCC(C1C)C24OO3,0
Nc1ccc(S(=O)(=O)c2ccc(N)cc2)cc1,1
CC1=C(/C=C/C(C)=C\C=C\C(C)=C\C(=O)O)C(C)(C)CCC1,1
CCOc1ccc2c(CCl)cc(=O)oc2c1,0
O=C(O)COc1ccc(C(=O)c2cccs2)c(Cl)c1Cl,1
COc1ccc2[nH]cc(CCNC(C)=O)c2c1,1
c1ccc2[nH]c(-c3cscn3)nc2c1,0
Cc1ccccc1,0
CN(C)P(=O)(N(C)C)N(C)C,0
O=C1NCCN1CCN1CCC(c2cn(-c3ccc(F)cc3)c3ccc(Cl)cc23)CC1,0
C/C=C1/CC(C)C(C)(O)C(=O)OCC2=CCN3CCC(OC1=O)C23,0
CCCCCc1cc(O)c2c(c1)OC(C)(C)C1CC=C(C=O)CC21,1
CN1C(C(=O)Nc2ccccn2)=C(O)c2ccccc2S1(=O)=O,1
O=C1CN=C(c2ccccc2)c2cc(Cl)ccc2N1,0
CC1(C)CC(=O)N(CCCCN2CCN(c3ncccn3)CC2)C(=O)C1,0
CC(C)c1cccc(C(C)C)c1O,1
Cn1cnc2c1c(=O)[nH]c(=O)n2C,0
CC1OC(OC2C(O)CC(OC3C(O)CC(OC4CCC5(C)C(CCC6C5CCC5(C)C(C7=CC(=O)OC7)CCC65O)C4)OC3C)OC2C)CC(O)C1O,0
CCCCCCCCCCCC(=O)O,1
c1ccc(C2(N3CCCCC3)CCCCC2)cc1,0
C=CC1CO1,1
CC(C)(C)c1ccc(C(O)CCCN2CCC(C(O)(c3ccccc3)c3ccccc3)CC2)cc1,0
COC(=O)C1=C(C)NC(C)=C(C(=O)O)C1c1cccc([N+](=O)[O-])c1,0
COc1ccc(C(CC(=O)O)N2CCN(CCCc3ccc4c(n3)NCCC4)C2=O)cn1,0
CC(N/C(=N\C#N)Nc1ccncc1)C(C)(C)C,0
CC(C)NCC(O)COc1cccc2ccccc12,0
Cc1ccc(S(=O)(=O)Nc2ccnn2-c2ccccc2)cc1,1
CCC(C)C(=O)OC1CC(C)C=C2C=CC(C)C(CCC3CC(O)CC(=O)O3)C21,0
COc1cc(/C=C/C(=O)CC(=O)/C=C/c2ccc(O)c(OC)c2)ccc1O,0
CC(C)C12CCC(C)(CC1)O2,0
CCCCOc1ccc2ccc(=O)oc2c1,0
CCCSc1ccc2[nH]c(NC(=O)OC)nc2c1,0
O=S(=O)(Nc1ccc(CCNCC(O)c2cccnc2)cc1)c1ccc(C2=NC(c3ccc(C(F)(F)F)cc3)=CC2)cc1,0
COc1cccc(C2(O)CCCCC2CN(C)C)c1,1
O=C(NC(Cc1cc(=O)[nH]c2ccccc12)C(=O)O)c1ccc(Cl)cc1,0
NCCc1ccc(O)cc1,0
O=C1Cc2cc(CCN3CCN(c4nsc5ccccc45)CC3)c(Cl)cc2N1,0
Cc1onc(-c2ccccc2)c1-c1ccc(S(N)(=O)=O)cc1,1
O=C1Nc2c(O)cc(Cl)cc2C(C#CC2CC2)(C(F)(F)F)O1,1
Oc1ccccc1,0
COc1cc(C2c3cc4c(cc3C(OC3OC5COC(C)OC5C(O)C3O)C3COC(=O)C23)OCO4)cc(OC)c1O,0
Nc1ccccc1,0
CNC1CN(c2ccc3c(=O)c(C(=O)O)cn(-c4nccs4)c3n2)CC1OC,0
O=C(O)Cc1ccccc1Nc1c(Cl)cccc1Cl,1
CC(Cc1ccccc1)N(C)Cc1ccccc1,0
CN1CCN(C(=O)NC(Cc2ccccc2)C(=O)NC(/C=C/S(=O)(=O)c2ccccc2)CCc2ccccc2)CC1,0
CC(C)CC1C(=O)N2CCCC2C2(O)OC(NC(=O)C3C=C4c5cccc6[nH]c(Br)c(c56)CC4N(C)C3)(C(C)C)C(=O)N12,0
Nc1cc2c3ccccc3ccc2c2ccccc12,0
COc1cc(C2c3cc4c(cc3CC3COC(=O)C32)OCO4)cc(OC)c1OC,0
c1ccc2ccccc2c1,0
CN(C)CC/C=C1/c2ccccc2COc2ccc(CC(=O)O)cc21,0
CCn1cc(C(=O)O)c(=O)c2cc(F)c(N3CCN(C)CC3)cc21,0
O=c1[nH]c2cc(Cl)ccc2o1,1
COc1ccc(CCNCCCC(C#N)(c2ccc(OC)c(OC)c2)C(C)C)cc1OC,0
CCc1cccc(C)c1N(C(=O)CCl)C(C)COC,0
CCOc1ccc2nc3ccc(=O)cc-3oc2c1,1
COc1ccc2c(c1)c(CC(=O)O)c(C)n2C(=O)c1ccc(Cl)cc1,1
COc1ccc2cc(C(C)C(=O)O)ccc2c1,1
CNCCC(Oc1ccc(C(F)(F)F)cc1)c1ccccc1,1
CCCNCC(O)COc1ccccc1C(=O)CCc1ccccc1,0
OCc1cc(C(O)CNCCCCCCOCCCCc2ccccc2)ccc1O,0
[F:1][c:23]1[cH:18][cH:14][c:11]([CH:7]([N:3]2[CH2:5][CH2:8][N:4]([CH2:10]/[CH:13]=[CH:22]/[c:25]3[cH:26][cH:28][cH:30][cH:29][cH:27]3)[CH2:9][CH2:6]2)[c:12]2[cH:15][cH:19][c:24]([F:2])[cH:21][cH:17]2)[cH:16][cH:20]1,1
CN1C2CCCC1CC(NC(=O)c1nn(C)c3ccccc13)C2,0
COc1ccc([N+](=O)[O-])cc1,1
CCOc1ccccc1OC(c1ccccc1)C1CNCCO1,0
C=CCc1cc(OC)c2c(c1)OCO2,0
CN(N=O)c1ccccc1,0
CC(C)n1c(/C=C/C(O)CC(O)CC(=O)O)c(-c2ccc(F)cc2)c2ccccc21,1
CN(C)CCCN1c2ccccc2CCc2ccccc21,0
Nc1ccc(-c2ccccc2)cc1,0
CC(=O)CC(c1ccccc1)c1c(O)oc2ccccc2c1=O,1
CCC(C)(C)C(=O)OC1CC(C)C=C2C=CC(C)C(CCC3CC(O)CC(=O)O3)C21,0
CN1CC=C(c2ccccc2)CC1,0
CCCc1nn(C)c2c(=O)[nH]c(-c3cc(S(=O)(=O)N4CCN(C)CC4)ccc3OCC)nc12,1
CCC1(c2ccccc2)NC(=O)N(C)C1=O,1
Cc1cc2c3ccccc3ccc2c2ccccc12,0
c1ccc2c(c1)cc1ccc3cccc4c5ccccc5c2c1c34,1
CN1/C(=C(/O)Nc2ccccn2)C(=O)c2sccc2S1(=O)=O,1
COc1ccc2c3c1OC1C(=O)CCC4C(C2)N(C)CCC314,0
CN(C)CCOC1(c2ccccc2)CC2CCC1(C)C2(C)C,0
CCCCCc1cc(O)c2c(c1)OC(C)(C)C1CCC(C)=CC21,1
CNC1(c2ccccc2Cl)CCCCC1=O,1
COc1ccc2c(c1)c(CC(=O)NCCc1ccccc1)c(C)n2C(=O)c1ccc(Cl)cc1,1
O=C1CCc2ccc(OCCCCN3CCN(c4cccc(Cl)c4Cl)CC3)cc2N1,0
C=CCc1ccc(OC)c(OC)c1,1
CN1CCN(CCCN2c3ccccc3Sc3ccccc32)CC1,1
O=C(O)C/C=C\CC1C2CCC(C2)C1NS(=O)(=O)c1ccccc1,1
C/C=C/CC(C)C(O)C1C(=O)NC(CC)C(=O)N(C)CC(=O)N(C)C(CC(C)C)C(=O)NC(C(C)C)C(=O)N(C)C(CC(C)C)C(=O)NC(C)C(=O)NC(C)C(=O)N(C)C(CC(C)C)C(=O)N(C)C(CC(C)C)C(=O)N(C)C(C(C)C)C(=O)N1C,0
CCC(OC(C)=O)C(CC(C)NC)(c1ccccc1)c1ccccc1,0
ClCCl,0
COc1cc(CC2SC(=O)NC2=O)ccc1C(=O)NCc1ccc(C(F)(F)F)cc1,0
Nc1nc(-c2ccccc2)c(Br)c(=O)[nH]1,0
C=CC1CC=CCC1,0
CCOc1ccc2cc(C#N)c(=O)oc2c1,1
CC(C)C1(NC(=O)C2CC3c4cccc5[nH]cc(c45)CC3N(C)C2)OC2(O)C3CCCN3C(=O)CN2C1=O,0
C=CC=C,0
CNC(C)Cc1ccccc1,0
CNCc1cc(=O)oc2cc(OC)ccc12,0
Cc1nc2c(c(=O)n(C)c(=O)n2CC2CCCCC2)n1C,0
O=c1[nH]c2ccccc2n1CCCN1CCC(n2c(=O)[nH]c3cc(Cl)ccc32)CC1,0
Cc1nc2c([nH]1)c(=O)n(C)c(=O)n2CC1CCCCC1,0
FC(F)(F)c1cccc(N2CCNCC2)c1,0
Oc1ccccc1-c1ccccc1,0
CCOC(=O)C1(c2ccccc2)CCN(C)CC1,0
CCNc1ncn(Cc2ccc(OC)c(OC3CCCC3)c2)c2nc(C(C)C)nc1-2,1
Cc1cc2ccccc2c2ccc3ccccc3c12,0
COCCCOc1ccnc(CSc2nc3ccccc3[nH]2)c1C,1
NCCCOc1cccc(CN2CCCCC2)c1,0
CN1C(=O)OC(C)(C)C1=O,1
COc1ccc(-c2nc3cc(C4=NNC(=O)CC4C)ccc3[nH]2)cc1,0
OC(CCCN1CCC(O)(c2ccc(Cl)cc2)CC1)c1ccc(F)cc1,0
O=C(c1ccc(OCCN2CCCCC2)cc1)c1c(-c2ccc(O)cc2)sc2cc(O)ccc12,0
COc1ccc(C(c2ccc(O)c(O)c2)C(Cl)(Cl)Cl)cc1,1
COc1ccc(NC(C)=O)cc1,0
CCCCCCCCCCCCCCCCCC(=O)O,0
C=C(C)C1CC=C(C)CC1,1
CCC1CN2CCc3cc(OC)c(OC)cc3C2CC1CC1NCCc2cc(OC)c(OC)cc21,0
CC1=C(/C=C/C(C)=C/C=C/C(C)=C/C(=O)O)C(C)(C)CCC1,1
CC(CCC(=O)O)C1CCC2C3C(O)CC4CC(O)CCC4(C)C3CCC12C,0
COc1ccc(-c2coc3cc(O)cc(O)c3c2=O)cc1,1
CCCCCC(O)/C=C/C1C2CC(OO2)C1C/C=C\CCCC(=O)O,0
O=C1C(CCSc2ccccc2)C(=O)N(c2ccccc2)N1c1ccccc1,1
O=[N+]([O-])c1cc2cccc3ccc4cccc1c4c32,0
Cc1nc2c([nH]1)c(=O)n(C)c(=O)n2Cc1ccco1,0
COc1ccc(-c2oc3cc(O)cc(O)c3c(=O)c2O)cc1O,1
CC(NC(C)(C)C)C(=O)c1cccc(Cl)c1,0
CN(C)S(=O)(=O)CCNC(=O)N(CCCl)N=O,1
COc1ccc2cc(C#N)c(=O)oc2c1,0
CC(C)/N=C(N)/N=C(\N)NOCCCOc1cc(Cl)c(Cl)cc1Cl,0
CCCCCOc1ccc2ccc(=O)oc2c1,0
COc1ccc2[nH]c(S(=O)Cc3ncc(C)c(OC)c3C)nc2c1,1
CN1C(=O)CCC1c1cccnc1,0
CC(C)(C)NCC(O)COc1ccccc1C#N,0
CC(=O)C1CCC2C3CCC4=CC(=O)CCC4(C)C3CCC12C,1
NS(=O)(=O)c1ccc(C2=C(c3ccc(F)cc3)C(=O)OC23CCCC3)cc1,0
Cc1nnc2n1-c1ccc(Cl)cc1C(c1ccccc1Cl)=NC2,0
O=C(c1cccs1)c1ccc(OCCCO)c(Cl)c1Cl,1
C=C1C/C(=C/C)C(=O)OC2CCN3CC=C(COC(=O)C1(O)CO)C23,0
CCNc1nc(NC(C)C)nc(SC)n1,0
CCCCc1oc2ccccc2c1C(=O)c1cc(I)c(OCCN(CC)CC)c(I)c1,0
Cc1ccc(-c2ncc(Cl)cc2-c2ccc(S(C)(=O)=O)cc2)cn1,0
N=C(N)NC(=N)NCCc1ccccc1,0
CC(Cl)(Cl)Cl,0
Fc1cccc(CCN2CCN(CCCc3cc4cc(-n5cnnc5)ccc4[nH]3)CC2)c1,0
Oc1ccc(OC(F)(F)F)cc1CNC1CCCNC1c1ccccc1,1
CC(=O)CC(c1ccc([N+](=O)[O-])cc1)c1c(O)c2ccccc2oc1=O,1
CC(C)NCC(O)COc1ccc(COCCOC(C)C)cc1,0
CN(C)C(=O)Nc1ccc(Cl)c(Cl)c1,1
CCCCCC,0
COC(=O)c1cc(OC)c2c(c1-c1c(C(=O)OC)cc(OC)c3c1OCO3)OCO2,1
COc1ccc2c(c1)CCC1C2CCC2(C)C(O)CCC12,1
CN(C)c1cn(C)n(-c2ccccc2)c1=O,1
Clc1ccccc1Cl,0
COc1ccc2c(c1)[nH]c1c(C)nccc12,1
COCCc1ccc(OCC(O)CNC(C)C)cc1,0
c1ccccc1,0
CN(C)CCc1c[nH]c2ccc(CS(=O)(=O)N3CCCC3)cc12,0
COc1ccc2c(CN(C)C)cc(=O)oc2c1,0
c1ccc(COc2ccc3cccnc3c2)cc1,0
Clc1cc(Cl)c(-c2cc(Cl)c(Cl)cc2Cl)cc1Cl,0
Cc1cnc2ccc3c(nc(N)n3C)c2n1,0
O=c1ccc2cc3ccoc3cc2o1,0
CNCCCN1c2ccccc2CCc2ccccc21,0
CCOC(=O)N1CCC(=C2c3ccc(Cl)cc3CCc3cccnc32)CC1,1
CCCCCCCCCCCCCC(=O)O,0
CN(C)CC/C=C1/c2ccccc2COc2ccccc21,1
O=C(O)C1=C/C(=C/C=N/C(Cc2ccc(O)cc2)C(=O)O)CC(C(=O)O)N1,0
CCCCCCCC/C=C/CCCCCCCCCCCCCC(=O)NC(COC1OC(CO)C(OC2OC(CO)C(OC3OC(CO)C(O)C(O)C3O)C(O)C2O)C(O)C1O)C(O)/C=C/CCCCCCCCCCCCC,0
CCCCCCCCC1CC(C(=O)O)C(=O)O1,0
C[C@]12CC(O)C3C(CCC4=CC(=O)CC[C@@]43C)C1CCC2C(=O)CC(=O)O,0
C=C1C[C@]23CC1C(O)CC2[C@@]12CCC[C@@](C)(C(=O)OC1)C2C3C(=O)O,0
C/C(=C/C=C/C(C)=C/C=C\C=C(C)\C=C/C=C(/C)C1C=C2C(C)(C)CCC[C@@]2(C)O1)C1C=C2C(C)(C)CCC[C@]2(C)O1,0
CC(C)CC(NC(=O)C(N)CC(N)=O)C(=O)O,0
CCC(C)C(N)C(=O)NC(CO)C(=O)O,0
C=CC(O)C#CC#C/C=C/C=C/C(O)CCCCC,0
C=C[C@@](C)(CC/C=C(\C)CC/C=C(\C)C(O)C/C=C(/C)COC1OC(CO)C(O)C(O)C1O)OC1OC(CO)C(O)C(O)C1O,0
CC(C)=CCC[C@@](C)(O)C1CC[C@@]2(C)C1C(O)CC1[C@]3(C)CCC(O)C(C)(C)C3CC[C@@]12C,0
CC(=C/C=C/C(C)=C/C=C/C=C(C)/C=C/C=C(\C)C=O)/C=C/[C@]12O[C@@]1(C)CC(O)CC2(C)C,0
NC(CS)C(=O)NC(CO)C(=O)O,0
COC(=S)NCc1ccc(OC2OC(C)C(O)C(O)C2O)cc1,0
CC1OC(OC2C(O)C(C(=O)O)OC(OC3CC[C@@]4(C)C5CC=C6C7CC(C)(C)CC[C@]7(C(=O)OC7OC(C)C(O)C(O)C7OC7OC(C)C(OC8OCC(O)C(O)C8O)C(OC8OC(CO)C(O)C(OC9OCC(O)C(O)C9O)C8O)C7O)CC[C@@]6(C)[C@@]5(C)CCC4[C@@]3(C)C=O)C2OC2OC(CO)C(O)C(O)C2O)C(O)C(O)C1O,0
CCCCCCCCCCCC(=O)OC1C(C)OC(OC2C(C)OC(OC3C(C)OC4OC5C(OC(CCCCC)CCCCCCCCCC(=O)OC4C3O)OC(CO)C(O)C5O)C(OC(=O)C(C)CC)C2OC2OC(C)C(O)C(O)C2O)C(O)C1O,0
CC1C2C3CCC4[C@]5(C)CCC(=O)C(C)(C)C5CC[C@]4(C)[C@]3(C)CC[C@@]2(C)CC[C@]1(C)O,0
CCCCCCCCCCCCCCCCCCCC(O)CC(O)CCCCCCC,0
CCC(/C=C/C(C)C1CCC2C3=CCC4CC(O)CC[C@]4(C)C3CC[C@@]21C)C(C)C,0
CC(C)=C1C[C@@]2(C)C(C)CCCC2CC1=O,0
O=C(O)CCC(=O)OC1C(OC(=O)/C=C/c2ccc(O)c(O)c2)CC(O)(C(=O)O)CC1OC(=O)/C=C/c1ccc(O)c(O)c1,0
CCC(C)c1cc([N+](=O)[O-])cc([N+](=O)[O-])c1OC(C)=O,0
CC(C)(CO[P@](=O)([O-])O[P@@](=O)([O-])OCC1OC(n2cnc3c(N)ncnc32)C(O)C1OP(=O)([O-])[O-])C(O)C(=O)NCCC(=O)NCCSC(=O)CC(=O)CCC/C=C\C=C\C=C\C(SCC(N)C(=O)O)C(O)CCCC(=O)O,0
CO[C@]1(CCC(C)COC2OC(CO)C(O)C(O)C2O)OC2CC3C4CCC5CC(OC6OC(CO)C(O)C(O)C6OC6OC(CO)C(O)C(O)C6O)CC[C@@]5(C)C4CC[C@@]3(C)C2C1C,0
NC(CC[S@@](=O)CC(N)C(=O)O)C(=O)O,0
NC(Cc1ccc(O)cc1)C(=O)NC(Cc1ccc(O)cc1)C(=O)O,0
CCCCCCC1CCC(CCCCCCCC(=O)O)O1,0
CC1(C)CC2C1CC[C@](C)(O)C1CC[C@@]21C,0
COC1C=CC2=CCN3CCc4cc5c(cc4[C@@]23C1)OCO5,0
CCC(=O)C1CC(C)[C@]2(CC(=O)[C@@]3(C)C4=C(CC[C@]32C)[C@]2(C)CCC(=O)[C@@](C)(CO)C2CC4)O1,0
C=C1C(OC(=O)/C=C(\C)CC)C=C(C(C)C)C2/C(=C/C)C(=O)OCC12,0
CC1C(O)C[C@]2(C)C(O)C[C@]3(C)C(=CCC4[C@]5(C)CCC(O)C(C)(C)C5CC[C@@]43C)C2C1C,0
CC(=O)OC1CC(C)=C2C(/C=C(\C)C(=O)O)CCC(C)C21,0
C[C@]12CCC3C4=C(CCC3C1CCC2=O)C(=O)C(=O)C=C4,0
CC(C)=CCCC(C)CCOC1OC(CO)C(O)C(O)C1OC1OC(CO)C(O)C(O)C1O,0
O=C1Nc2ccccc2OC1OC1OC(CO)C(O)C(O)C1O,0
COc1cc2c(cc1O)C1Cc3cc(O)c(O)cc3[N@@+]1(C)CC2,0
CC1=C(O)C(=O)CC(OC2CC(C)(C)CC3C4=CCC5[C@]6(C)CCC(OC7OC(C(=O)O)C(O)C(O)C7OC7OC(C(=O)O)C(O)C(O)C7OC7OC(CO)C(O)C(O)C7O)[C@@](C)(CO)C6CC[C@]5(C)[C@@]4(C)CC[C@]23C)O1,0
CCCCCCCCCCCCCCCCCC(=O)CC(O)CCCCC,0
C/C=C(/C)C(=O)OC1c2c(ccc3ccc(=O)oc23)OC1C(C)(C)OC(=O)/C(C)=C\C,0
COC[C@@](C)(O)C1Cc2c(cc(O)c3c(=O)c4ccccc4n(C)c23)O1,0
Oc1ccc2c(c1)OC(c1ccc(O)c(O)c1)C(O)C2c1c(O)c2c(c(C3c4ccc(O)cc4OC(c4ccc(O)c(O)c4)C3O)c1O)OC(c1ccc(O)c(O)c1)C(O)C2,0
CC(=O)OC1C=CC2C3Cc4ccc(O)c5c4[C@]2(CCN3C)C1O5,0
C/C(=C/CCC(C=O)C1CC[C@@]2(C)C3=C(CC[C@@]12C)[C@@]1(C)CCC(O)C(C)(C)C1CC3)C(=O)O,0
CCCCCCCCCCCCCCCC(O)C(COC1OC(CO)C(OC2OC(CO)C(O)C(O[C@@]3(C(=O)O)CC(O)C(NC(C)=O)C(C(O)C(CO)O[C@@]4(C(=O)O)CC(O)C(NC(C)=O)C(C(O)C(O)CO)O4)O3)C2O)C(O)C1O)NC(=O)CCCCCCCCCCCCC,0
C=C[C@](C)(O)CC(=O)C=C(C)C,0
CC1CCC2C(C)C3C(CC4C5CC=C6CC(OC7OC(CO)C(OC8OC(CO)C(O)C(OC9OCC(O)C(O)C9O)C8OC8OC(CO)C(O)C(O)C8O)C(O)C7O)CC[C@]6(C)C5CC[C@@]43C)N2C1,0
C=C(C)C1CCC(=C)C(CCC2C(C)=CCC(C(=C)C)[C@]2(C)CCC(=O)O)[C@@]1(C)CCC(=O)O,0
CC(=O)OC[C@]1(O)C[C@]23CCC4[C@@](C)(CCC[C@@]4(C)C=O)C2CCC1C3,0
C[C@@]12C(=O)C=CC=C1C(O)CC1C2CC[C@@]2(O)C(=O)O[C@@]3(C)C4C[C@]5(C)C(CO[C@@]16O[C@]23C5C6=O)C(=O)O4,0
CC(=O)OC/C(C)=C\CC[C@]1(C)C2CC3C(C2)C31C,0
CC1CC[C@@]2(OC1)OC1CC3C4CCC5CC(OC6OC(COC7OC(CO)C(O)C(O)C7O)C(O)C(O)C6O)CC[C@@]5(C)C4CC[C@@]3(C)C1C2C,0
CC(=O)NC1C(OC2C(O)C(CO)OC(OC(C(O)CO)C(OC3OC(C)C(O)C(O)C3O)C(O)C=O)C2O)OC(CO)C(O)C1OC1OC(CO)C(O)C(O)C1O,0
NC(=O)CCC(N)C(=O)NC(Cc1cnc[nH]1)C(=O)O,0
NC(Cc1cnc[nH]1)C(=O)NC(Cc1ccccc1)C(=O)O,0
N#CCCCC1CS1,0
CC(CC(=O)O)C[C@]1(O)CC2CCC1CN2C,0
C=CCCCCCOC(=O)C(C)CCCC(C)CCCC(C)CCC(=O)O,0
C/C1=C\C2OC(=O)C(C)C2CC/C(C(=O)OC2C(O)C(O)OC(CO)C2O)=C\CC1,0
CCCCC/C=C/C(=O)OCC1OC(OC2C(OC3CC[C@@]4(C)C(CC[C@]5(C)C4CC(O)C4C([C@](C)(CCC=C(C)C)OC6OC(COC7OC(CO)C(O)C(O)C7O)C(O)C(O)C6O)CC[C@]45C)C3(C)C)OC(CO)C(O)C2O)C(O)C(O)C1O,0
CCCCCCCCCCCCCCCCCCCCCCC(=O)NC(COC1OC(CO)C(OC2OC(CO)C(OC3OC(CO)C(O)C(OC4OC(CO)C(O)C(O)C4O)C3CC(C)=O)C(O[C@]3(C(=O)O)CC(O)C(NC(C)=O)C(C(O)C(CO)O[C@]4(C(=O)O)CC(O)C(NC(C)=O)C(C(O)C(O)CO)O4)O3)C2O)C(O)C1O)C(O)CCCCCCCCCCCCCCC,0
C[C@]12CC(OC3OC(C(=O)O)C(O)C(O)C3O)CCC1CCC1C2C(=O)C[C@@]2(C)C1CC[C@]2(O)C(O)CO,0
CCC(C)C(NC(=O)C(N)CC(=O)O)C(=O)O,0
CC(C)CC(NC(=O)C(N)CCC(N)=O)C(=O)O,0
CCC(/C=C/C(C)C1CCC2C3CC(=O)C4=CC(=O)CC[C@]4(C)C3CC[C@@]12C)C(C)C,0
C=C1C[C@]23C[C@@]1(O)CCC2[C@]12OC(=O)[C@](C)(C=CC1O)C2C3C(=O)O,0
CC1=CC(=O)CC(C)[C@@]12CCC(=O)C2,0
CC(C)=CCC[C@]1(C)C(CC=C(C)C)C[C@@]23CC(C(C)(C)OO)OC2=C(CC=C(C)C)C(=O)[C@]1(C(=O)C(C)C)C3=O,0
CC1=C2CC(C)(C)CC2C(O)C2=C(C1)C(=O)OC2O,0
C=C[C@]1(C)CCC(OC2OC(COC3OC[C@@](O)(CO)C3O)C(O)C(O)C2O)C(C)(C)O1,0
C=C1C[C@]23CC1CCC2[C@@]12OC(=O)[C@@](C)(C(O)CC1O)C2C3C(=O)O,0
C=C(C)C1CC[C@](C)(O)C2CCC(C)C2C1,0
NC(=O)CCC(N)C(=O)NC(CCC(N)=O)C(=O)O,0
CCCCOCCOCC(C)OCCCOC,0
C=C[C@](C)(CC/C=C(\C)CC/C=C(\C)CC/C=C(/C)COC1OC(C)C(O)C(OC2OC(COC3OC(C)C(O)C(OC(=O)/C(C)=C/CC/C(C)=C/CC/C(C)=C/CC[C@](C)(C=C)OC4OC(CO)C(O)C(O)C4OC4OC(CO)C(O)C(O)C4O)C3O)C(O)C(O)C2O)C1O)OC1OC(CO)C(O)C(O)C1OC1OC(CO)C(O)C(O)C1O,0
CC1(C)CC(O)[C@@]2(CO)C(O)C[C@@]3(C)C(=CCC4[C@]5(C)CCC(O)C(C)(C)C5CC[C@@]43C)C2C1,0
C=C(C)C1NC(=O)C(NC)C(O)c2cc(Cl)c(O)c(c2)O[C@@](C)(CC)C(C(=O)N2CC=CC2C(=O)N/C(C(=O)N/C(=C/C(=O)O)C(=O)O)=C(\C)CC)NC1=O,0
N=C(N)NCCCC(N)C(=O)NC(Cc1cnc[nH]1)C(=O)O,0
CC(C)CCCC(C)CCCC(C)CCCC(C)C(=O)NCC(=O)O,0
CC(CO)CCCC(C)C1CCC2C3C(O)CC4CC(O)CC[C@]4(C)C3CC(O)[C@]12C,0
CC1=CC(O)[C@@]2(C)C(O)C[C@@]3(C)C(CCC4[C@]5(C)CCC(O)C(C)(C)C5CC[C@@]43C)C2C1C,0
CC1C2C3=CCC4[C@@]5(C)CC(O)C(=O)C(C)(C)C5CC[C@@]4(C)[C@]3(C)CC[C@@]2(C(=O)O)CC[C@]1(C)O,0
CC1CC[C@@]2(OC1)OC1CC3C4CC(O)C5CC(OC6OC(CO)C(OC7OC(CO)C(O)C(OC8OCC(O)C(O)C8O)C7OC7OC(CO)C(O)C(OC8OC(CO)C(O)C(O)C8O)C7O)C(O)C6O)C(=O)C[C@]5(C)C4CC[C@@]3(C)C1C2C,0
CC(CCC(=O)O)C1CCC2C3CCC4C(O)C(O)CC[C@]4(C)C3CC(O)[C@]12C,0
CC/C=C/CC1C(CC(=O)O)CCC1OC1OC(CO)C(O)C(O)C1O,0
C=C1C[C@@]23CCC4[C@](C)(C(=O)O)CCC[C@]4(C)C2CC[C@]1(O)C3,0
CC(=O)OC1CC2[C@]3(C)CCC(OC(=O)CC(=O)O)C(C)(C)C3CC[C@]2(C)[C@@]2(C)CCC([C@]3(C)CCC(C(C)(C)O)O3)C12,0
C=C(CCC=C(C)C)C1CCC=C(CCC=C(C)C)C1,0
NCCCCC(N)C(=O)NC(CS)C(=O)O,0
C=C1C(OC2OC(CO)C(O)C(O)C2O)CC2C(C)C(=O)OC2C2C(=C)CCC12,0
CCCCCCCCCCCCC/C=C/C(O)C(COC1OC(CO)C(OC2OC(CO)C(OC3OC(CO)C(O)C(OC4OC(CO)C(O)C(O)C4O)C3CC(C)=O)C(O[C@@]3(C(=O)O)CC(O)C(NC(C)=O)C(C(O)C(CO)O[C@@]4(C(=O)O)CC(O)C(NC(C)=O)C(C(O)C(CO)O[C@@]5(C(=O)O)CC(O)C(NC(C)=O)C(C(O)C(O)CO)O5)O4)O3)C2O)C(O)C1O)NC(=O)CCCCCCCCCCC,0
CCCCCCCCCCCCC/C=C/C(O)C(COC1OC(CO)C(OC2OC(CO)C(OC3OC(CO)C(O)C(OC4OC(CO)C(O)C(O[C@]5(C(=O)O)CC(O)C(NC(C)=O)C(C(O)C(O)CO)O5)C4O)C3CC(C)=O)C(O[C@]3(C(=O)O)CC(O)C(NC(C)=O)C(C(O)C(CO)O[C@]4(C(=O)O)CC(O)C(NC(C)=O)C(C(O)C(O)CO)O4)O3)C2O)C(O)C1O)NC(=O)CCCCCCCCCCCCCCCCCCCCC,0
CCCCCCCCCCCCCCCCCCCCCC(=O)OC1CC[C@]2(C)C(=CCC3C2CC[C@@]2(C)C(C(C)CCC(CC)C(C)C)CCC32)C1,0
CCC(=O)C1CC(C)[C@@]2(CC(=O)[C@]3(C)C4=C(CC[C@@]32C)[C@@]2(C)CCC(O)[C@](C)(CO)C2CC4)O1,0
C=CC/C=C/C/C=C/CCCCCCCC(=O)[C@@]1(O)OC(=O)C=C1OC,0
C=C1C[C@@]23C[C@]1(O)CCC2[C@@]12CC(OC4OC(CO)C(O)C(O)C4O)C(O)[C@@](C)(C(=O)O1)C2C3C(=O)O,0
CCCCCCCC(O)C(O)CCCCCC(O)C1CCC(CCCCCCCC(O)CC2=CC(C)OC2=O)O1,0
CC(C)CC(N)C(=O)NC(CCCCN)C(=O)O,0
CC1CC[C@]2(C)CC[C@]3(C)C(=CCC4[C@@]5(C)CCC(O)C(C)(C)C5CC[C@]43C)C2C1C,0
C=C(C)C1CCC(C)[C@]23CCC(C)[C@@]2(C1)O3,0
NC(CCC(=O)[O-])C(=O)NC(Cc1ccc(O)cc1)C(=O)O,0
CCCCCCCCCCCC(=O)OC1C(C)OC(OC2C(C)OC(OC3C(C)OC4OC5C(OC(CCCCC)CCCCCCCCCC(=O)OC4C3O)OC(C)C(O)C5O)C(OC(=O)CCCCCCCCC)C2OC2OC(C)C(O)C(O)C2O)C(O)C1O,0
C=C1C[C@@]23CCC4[C@](C)(C(=O)OC5OC(CO)C(O)C(O)C5O)CCC[C@]4(C)C2CC[C@]1(OC1OC(CO)C(O)C(OC2OC(CO)C(O)C(O)C2O)C1OC1OC(CO)C(O)C(O)C1O)C3,0
OCC1OC(O)C(OC2OCC(O)C(O)C2O)C(O)C1O,0
C/C1=C\CCC(C=O)C2CC(C)(C)C2CC1,0
CC(=O)NC1C(OC2C(O)C(CO)OC(OC(C(O)CO)C(O)C(O)C=O)C2O)OC(CO)C(OC2OC(CO)C(O)C(OC3OC(CO)C(O)C(OC4OC(C(O)CO)C(O)C4O)C3NC(C)=O)C2O)C1O,0
CC(=O)OC(C)(C)/C=C/C(=O)[C@](C)(O)C1C(O)C[C@]2(C)C3CC=C4C(CCC(O)C4(C)C)[C@@]3(CO)C(=O)C[C@]12C,0
CCCCCCCCCCCCC/C=C/C(O)C(COC1OC(CO)C(O)C(OS(=O)(=O)O)C1O)NC(=O)CCCCCCCCCCCCCCCCCCCCC,0
CC1=C2C(=O)C(C(C)C)CC[C@@]2(C)C(O)CC1,0
CC(C)=CC1C[C@](C)(O)C2C3CCC4[C@]5(C)CCC(OC6OCC(O)C(OC7OC(COC8OC(CO)C(O)C(O)C8O)C(O)C(O)C7OC7OC(CO)C(O)C(O)C7O)C6OC6OC(C)C(O)C(O)C6O)C(C)(C)C5CC[C@]4(C)[C@]34CO[C@]2(C4)O1,0
CC1CC[C@@]2(OC1)OC1CC3C4CC=C5CC(OC6OC(CO)C(OC7OC(C)C(O)C(O)C7O)C(O)C6OC6OC(C)C(O)C(O)C6O)C(O)C[C@@]5(C)C4CC[C@@]3(C)C1C2C,0
C/C(=C\CCC(C)C1CC[C@@]2(C)C3=C(CC[C@@]12C)[C@@]1(C)CCC(O)C(C)(C)C1CC3O)C(=O)O,0
CCCCCCCC/C=C\CCCCCCCC(=O)NC(COC1OC(CO)C(OC2OC(CO)C(OC3OC(CO)C(O)C(OC4OC(CO)C(O)C(O[C@]5(C(=O)O)CC(O)C(NC(C)=O)C(C(O)C(O)CO)O5)C4O)C3CC(C)=O)C(O[C@]3(C(=O)O)CC(O)C(NC(C)=O)C(C(O)C(CO)O[C@@]4(C(=O)O)CC(O)C(NC(C)=O)C(C(O)C(CO)O[C@@]5(C(=O)O)CC(O)C(NC(C)=O)C(C(O)C(O)CO)O5)O4)O3)C2O)C(O)C1O)C(O)/C=C/CCCCCCCCCCCCC,0
CC(CC[C@@]1(O)OC2CC3C4CC(O)C5CC(OC6OC(CO)C(OC7OC(CO)C(O)C(OC8OC(CO)C(O)C(O)C8O)C7OC7OC(CO)C(O)C(OC8OC(CO)C(O)C(O)C8O)C7O)C(O)C6O)CC[C@@]5(C)C4CC[C@@]3(C)C2C1C)COC1OC(CO)C(O)C(O)C1O,0
CC(O)C1NC(=O)C(Cc2ccccc2)NC(=O)C(C(C)O)NC(=O)C(CCCCN)NC(=O)C(Cc2c[nH]c3ccccc23)NC(=O)C(Cc2ccccc2)NC(=O)C(Cc2ccccc2)NC(=O)C(CC(N)=O)NC(=O)C(CCCCN)NC(=O)C(N)CSSCCC(C(=O)O)NC(=O)C(CO)NC1=O,0
C=C(C(=O)O)C1CC[C@]2(C)C=CC(=O)C(C)=C2C1,0
CC(/C=C/C=C(C)/C=C/[C@]12O[C@@]1(C)CC(O)CC2(C)C)=C\C=C\C=C(C)\C=C\C=C(/C)C1C=C2C(C)(C)CCC[C@]2(C)O1,0
CCCCCCCCCCCCC/C=C/C(O)C(COC1OC(CO)C(OC2OC(CO)C(OC3OC(CO)C(O)C(O)C3O)C(O)C2O)C(O)C1O)NC(=O)CCCCCCCCCCCCCCC,0
CCCCCCCC1OC1CC#CC#CC(=O)CCO,0
CC(C)CCC(O)C(C)C1C(OC2OC(CO)C(O)C(O)C2O)CC2C3CC=C4CC(O)CC(OC5OC(C)C(O)C(O)C5O)[C@@]4(C)C3CC[C@@]21C,0
COc1cc2ccc(=O)oc2c(OC)c1OC1OC(CO)C(O)C(O)C1O,0
CC(C)(CO[P@](=O)([O-])O[P@@](=O)([O-])OCC1OC(n2cnc3c(N)ncnc32)C(O)C1OP(=O)([O-])[O-])C(O)C(=O)NCCC(=O)NCCSC(=O)CC(O)CC/C=C\CC(O)/C=C/C=C/C=C\C(O)CCCC(=O)O,0
CCC/C=C/C=C/C(=O)SCCNC(=O)CCNC(=O)C(O)C(C)(C)COP(=O)(O)OP(=O)(O)OCC1OC(n2cnc3c(N)ncnc32)C(O)C1OP(=O)(O)O,0
CC(O)c1ccc2c(c1)C=CC(C)(C)O2,0
CC1(C)C(=O)CC(O)[C@]23C(=O)OC4OCC(=CCC12)C43,0
NC(Cc1c[nH]c2ccccc12)C(=O)NC(Cc1ccc(O)cc1)C(=O)O,0
CC1CC[C@]2(C(=O)OC3OC(COC4OC(CO)C(OC5OC(C)C(O)C(O)C5O)C(O)C4O)C(O)C(O)C3O)CC[C@]3(C)C(=CCC4[C@@]5(C)CC(O)C(O)[C@@](C)(CO)C5C(O)C[C@]43C)C2C1C,0
CCC1O[C@@]2(C)OCCC1O2,0
CC1CC[C@@]2(OC1)OC1CC3C4CCC5CC(=O)CC[C@@]5(C)C4CC[C@@]3(C)C1C2C,0
CC(=O)OC1CC2C(COC(=O)CC(C)C)=COC(OC(=O)CC(C)C)C2[C@]12CO2,0
COC1C=C2C(CCC(OC3OCC(O)C(O)C3O)C2(C)C)[C@]2(C)CC[C@@]3(C)C(C(C)CCC=C(C)C)C(OC4OC(COC(C)=O)C(OC(C)=O)C(O)C4O)C[C@]3(C)C12,0
CCC(C(=O)O)C1OC(C(C)C(O)C(C)C(=O)C(CC)C2O[C@]3(C=CC[C@]4(CC[C@](C)(C5CC[C@@](O)(CC)C(C)O5)O4)O3)C(C)CC2C)C(C)CC1C,0
Cc1c(OC2OC(CO)C(O)C(O)C2O)cc(C(C)C)cc1OC1OC(CO)C(O)C(O)C1O,0
CC(=O)OC(C)(C)/C=C/C(=O)[C@](C)(O)C1C(O)C[C@]2(C)C3CC=C4C(CC(O)C(=O)C4(C)C)[C@]3(C)C(=O)C[C@]12C,0
O=Cc1ccc2c(c1)C(c1cc(O)cc3c1C(c1cc(O)cc(O)c1)C(c1ccc(O)cc1)O3)C(c1ccc(O)cc1)O2,0
CCCCCCCCCCCCC/C=C/C(O)C(COC1OC(CO)C(O)C(OS(=O)(=O)O)C1O)NC(=O)CCCCCCCCCCCCC,0
C=C[C@]1(CO)CCC(C(C)(C)OC2OC(CO)C(O)C(O)C2O)O1,0
CC1(C)CC(O)[C@]2(C)CC[C@]3(C)C(=CCC4[C@@]5(C)CCC(OC6OC(CO)C(OC7OC(CO)C(O)C(O)C7O)C(OC7OC(CO)C(O)C(O)C7O)C6O)[C@](C)(CO)C5CC[C@]43C)C2C1,0
CC1CCC2C(C)C3C(CC4C5CC=C6CC(OC7OC(CO)C(OC8OC(C)C(O)C(O)C8O)C(O)C7OC7OC(C)C(O)C(O)C7O)CC[C@@]6(C)C5CC[C@]43C)N2C1,0
CC(C)(CO[P@@](=O)([O-])O[P@](=O)([O-])OCC1OC(n2cnc3c(N)ncnc32)C(O)C1OP(=O)([O-])[O-])C(O)C(=O)NCCC(=O)NCCSC(=O)CC(=O)CC/C=C\CC(O)/C=C/C=C/C=C\C(O)CCCC(=O)O,0
C/C=C(/C)C(=O)OC1C2=C(C)C(=O)O[C@]2(OC)CC2CCC(OC(=O)/C=C/SC)C(C)[C@]21C,0
CCC(CCC(C)C1CCC2C3=CCC4CC(O)CC[C@]4(C)C3CC[C@]21C)=C(C)C,0
C=C(C(CC=C(C)C)OC(=O)/C(C)=C\C)C1C(OC(C)=O)C(=O)[C@]2(C)OC2C1O,0
CC(=O)OC1C(C)OC(Oc2c(-c3cc(O)c(O)c(O)c3)oc3cc(O)cc(O)c3c2=O)C(O)C1OC(C)=O,0
CCCCCCCCCCCCCCCCCC(=O)OC(CC(=O)[O-])C[N+](C)(C)C,0
CC(C)C1=CC(=O)[C@]2(C)C[C@@]3(O)O[C@@]4(C(=O)[C@@]13C)C(O)C(C)CC[C@]42O,0
CC1CC[C@@]2(C(=O)OC3OC(CO)C(O)C(O)C3O)CC[C@@]3(C)C(=CCC4[C@]3(C)CCC3[C@@](C)(CO)C(OC5OC(C(=O)O)C(O)C(O)C5O)CC[C@@]34C)C2C1C,0
CC1OC(OC2CC[C@]3(C)C(CCC4C3CC[C@@]3(C)C(C5=CC(=O)OC5)CC[C@]43O)C2)CC(O)C1OC1OC(COC2OC(CO)C(O)C(O)C2O)C(O)C(O)C1O,0
CC1=C(CCC(C)COC2OC(CO)C(O)C(O)C2O)OC2CC3C4CCC5CC(OC6OC(COC7OCC(O)C(O)C7O)C(O)C(O)C6O)C(O)C[C@]5(C)C4CC[C@]3(C)C12,0
CCCCCCCCCCCCCCCC(=O)NC(COC1OC(CO)C(OC2OC(CO)C(OC3OC(CO)C(O)C(O)C3CC(C)=O)C(O[C@@]3(C(=O)O)CC(O)C(NC(C)=O)C(C(O)C(CO)O[C@@]4(C(=O)O)CC(O)C(NC(C)=O)C(C(O)C(CO)O[C@@]5(C(=O)O)CC(O)C(NC(C)=O)C(C(O)C(O)CO)O5)O4)O3)C2O)C(O)C1O)C(O)CCCCCCCCCCCCCCC,0
CC1CC[C@]2(OC1)OC1CC3C4CCC5CC(OC6OC(CO)C(O)C(O)C6OC6OC(CO)C(O)C(O)C6O)C(O)C[C@]5(C)C4CC[C@]3(C)C1C2C,0
CC1OC(OC2C(OC3C(OC4CC[C@@]5(C)C6CC=C7C8CC(C)(C)CC(O)[C@@]8(C)CC[C@]7(C)[C@@]6(C)CCC5[C@]4(C)CO)OC(C(=O)O)C(O)C3O)OC(CO)C(O)C2OC2OCC(O)C(O)C2O)C(O)C(O)C1O,0
CCCCCCCCCCCCCCCCCCCCCC(=O)SCCNC(=O)CCNC(=O)C(O)C(C)(C)CO[P@@](=O)([O-])O[P@](=O)([O-])OCC1OC(n2cnc3c(N)ncnc32)C(O)C1OP(=O)([O-])[O-],0
CC1CC[C@]2(OC1)OC1CC3C4C(CC[C@]3(C)C1C2C)[C@]1(C)CCC(O)C[C@@]1(O)C4C=O,0
CNc1ccc(C(=O)OC2C[C@@]3(C)CC[C@]4(C)[C@@]5(C)CCC6[C@@](C)(CCC(OC7OCC(OC8OC(CO)C(O)C(O)C8O)C(O)C7OC7OC(CO)C(O)C(O)C7O)[C@@]6(C)CO)C5CC5O[C@@]54[C@]3(O)C[C@]2(C)C=O)cc1,0
C=C1C(O)[C@]23C[C@@]1(O)CCC2[C@]1(C=O)CCC[C@](C)(C(=O)O)C1C3C(=O)O,0
C/C(C=O)=C/CCC(C)C1CC[C@]2(C)C3=C(C(=O)C[C@]12C)[C@]1(C)CCC(O)C(C)(C)C1CC3,0
CCCCCCCCCCCCCCCCCCCCCC(=O)NC(COC1OC(CO)C(OC2OC(CO)C(OC3OC(CO)C(O)C(O)C3CC(C)=O)C(O[C@@]3(C(=O)O)CC(O)C(NC(C)=O)C(C(O)C(CO)O[C@@]4(C(=O)O)CC(O)C(NC(C)=O)C(C(O)C(CO)O[C@@]5(C(=O)O)CC(O)C(NC(C)=O)C(C(O)C(O)CO)O5)O4)O3)C2O)C(O)C1O)C(O)CCCCCCCCCCCCCCC,0
CCCCCC(=O)CC(=O)SCCNC(=O)CCNC(=O)C(O)C(C)(C)COP(=O)(O)OP(=O)(O)OCC1OC(n2cnc3c(N)ncnc32)C(O)C1OP(=O)(O)O,0
CCCCCCCCCCCCCCCCCCCCCCCCC(O)C(=O)NC(COP(=O)(O)OC1C(O)C(O)C(OC2OC(CO)C(OP(=O)(O)OC3C(O)C(O)C(O)C(O)C3O)C(O)C2O)C(O)C1O)C(O)C(O)CCCCCCCCCCCCCC,0
CC1=CC(=O)C[C@@]2(C)CCC(=C(C)C)CC12,0
CC(=O)NC1C(OC2C(O)C(CO)OC(OC(C(O)CO)C(O)C(O)C=O)C2O)OC(CO)C(OC2OC(CO)C(O)C(OC3OC(CO)C(OC4OC(CO)C(O)C(O[C@]5(C(=O)O)CC(O)C(NC(C)=O)C(C(O)C(O)CO)O5)C4O)C(O)C3NC(C)=O)C2O)C1O,0
CC1(C)CC[C@@]2(C(=O)OC3OC(CO)C(O)C(O)C3O)C(O)C[C@@]3(C)C(=CCC4[C@]3(C)CCC3C(C)(C)C(OC5OCC(O)C(OC6OC(CO)C(O)C(OC7OC(CO)C(O)C(O)C7O)C6O)C5O)CC[C@@]34C)C2C1,0
C=C1CCC2CC=C(C#CC#CCC3OC3CCCCCCC)O[C@@]2(C)CCC2C1CC2(C)C,0
O=C([O-])CN1CCN(CC(=O)[O-])CCN(C(CO)C(O)CO)CCN(CC(=O)[O-])CC1,0
CC(=O)[C@@]1(O)OCC(O)C1O,0
C=C1C=CC(C(C)CC(O)C=C(C)C)CC1,0
CCCCCCCCCCCCC/C=C/C(O)C(COC1OC(CO)C(OC2OC(CO)C(OC3OC(CO)C(O)C(OC4OC(CO)C(O)C(O)C4O)C3CC(C)=O)C(O[C@@]3(C(=O)O)CC(O)C(NC(C)=O)C(C(O)C(O)CO)O3)C2O)C(O)C1O)NC(=O)CCCCCCCCCCCCCCCCCCCCCC,0
C=C(CCC=C(C)C)C1CC[C@@]2(C)C1CCC1[C@]3(C)CCC(O)C(C)(C)C3CC[C@@]12C,0
CC(C)CC(c1c(O)c(C=O)c(O)c(C=O)c1O)C1CCC(C)C2=CC(C(C)(C)O)CC[C@@]21C,0
C[C@@]12CCC3c4ccc(O)cc4CCC3C1CC(O)C2OC1OC(C(=O)O)C(O)C(O)C1O,0
CC1=C(C)C2CC1CC2O,0
O=C1OCC2OC(=O)c3cc(O)c(O)c(O)c3-c3c(O)c(O)c(O)c4c3C(=O)OC(C2OC(=O)c2cc(O)c(O)c(O)c2-c2c1cc(O)c(O)c2O)C1OC(=O)C2C4=C(O)C(=O)[C@]23Oc2c(O)c4oc(=O)c5cc(O)c(O)c6oc(=O)c(c2C13)c4c65,0
CC/C=C\C/C=C\C/C=C\C/C=C\C/C=C\CCCCCC(=O)SCCNC(=O)CCNC(=O)C(O)C(C)(C)CO[P@@](=O)([O-])O[P@](=O)([O-])OCC1OC(n2cnc3c(N)ncnc32)C(O)C1OP(=O)([O-])[O-],0
CCCCCCCCCCCCC(O)C1CCC(C2CCCC(C(O)CCCCCCCC(O)CC3=CC(C)OC3=O)O2)O1,0
COC1OC[C@@]2(O)C(OC(C)=O)C3CC(C)(C)CC3[C@@]3(C)C[C@]132,0
CC(C=O)C1CC[C@@]2(C)C3CC=C4C(CCC(OC5OC(COC6OC(CO)C(O)C(O)C6O)C(O)C(O)C5O)C4(C)C)[C@@]3(C)CC[C@]12C,0
COc1cc(C[C@@](O)(C(=O)O)C(O)C(=O)O)ccc1O,0
CCCCCCCCCC(O)CCCCC(O)C1CCC(C(O)CCCCC(=O)CCCCCC(O)CC2=CC(C)OC2=O)O1,0
CCCCCCCCCCCCCCCCCCCC(=O)SCCNC(=O)CCNC(=O)C(O)C(C)(C)COP(=O)(O)OP(=O)(O)OCC1OC(n2cnc3c(N)ncnc32)C(O)C1OP(=O)(O)O,0
COc1c2c(c(C)c3c1C(=O)OC3)O[C@@]1(C)CC(OC(C)=O)C3C(C)(C)OC(=O)CC[C@]3(C)C1C2,0
Nc1nc2c(c(=O)[nH]1)NC(CNc1ccc(C(=O)NC(CCC(=O)NC(CCC(=O)O)C(=O)O)C(=O)O)cc1)CN2,0
CCCCCCCCCCCCCCCCCCCCCCCC(O)CC(O)CCCCCC,0
CC1(C)OC2CC(=O)OC[C@@]23C1CC(=O)[C@]1(C)C3CC[C@]2(C)C(c3ccoc3)OC(=O)C3O[C@@]321,0
CCCCCCCCCCCCC/C=C/C(O)C(COC1OC(CO)C(OC2OC(CO)C(O)C(O[C@@]3(C(=O)O)CC(O)C(NC(C)=O)C(C(O)C(CO)O[C@@]4(C(=O)O)CC(O)C(NC(C)=O)C(C(O)C(CO)O[C@@]5(C(=O)O)CC(O)C(NC(C)=O)C(C(O)C(O)CO)O5)O4)O3)C2O)C(O)C1O)NC(=O)CCCCCCCCCCCCCCCCCCCCCCCC,0
CC(=O)OC1CC(C)CN[C@]12OC1CC3C4CCC5CC(OC6OC(CO)C(OC7OC(CO)C(O)C(OC8OCC(O)C(O)C8O)C7OC7OC(CO)C(O)C(O)C7O)C(O)C6O)CC[C@]5(C)C4CC[C@]3(C)C1C2C,0
CC1=C(CCC(C)COC2OC(CO)C(O)C(O)C2O)OC2CC3C4CC(=O)C5CC(OC6OC(COC7OCC(O)C(O)C7O)C(OC7OCC(O)C(O)C7O)C(O)C6O)CC[C@@]5(C)C4CC[C@@]3(C)C12,0
CCCCCCCCCCCCCCCCCCCCCC(=O)CC(O)CCC,0
C/C=C(/C)C(=O)OC1C(O)C(C)(C)CC2C3=CCC4[C@]5(C)CCC(O)[C@@](C)(CO)C5CC[C@]4(C)[C@]3(C)CC(O)[C@]21CO,0
CC(=O)CC(=O)SCCNC(=O)CCNC(=O)C(O)C(C)(C)COP(=O)(O)OP(=O)(O)OCC1OC(n2cnc3c(N)ncnc32)C(O)C1OP(=O)(O)O,0
CCC(C)C(N)C(=O)NC(CCCNC(=N)N)C(=O)O,0
CC(=O)NC1C(OP(=O)(O)OP(=O)(O)OCC2OC(n3ccc(=O)[nH]c3=O)C(O)C2O)OC(CO)C(O)C1OC(C)C(=O)O,0
CCCCCCCCCCCCC(O)C1CCC(C(O)CCCC(=O)CCCCCCC(O)CC2=CC(C)OC2=O)O1,0
CC1=C(C(C)CO)C[C@@]2(O)[C@]3(C)CC(=O)O[C@]4(C(O)C(C)CC[C@@]34O)[C@@]12O,0
C=C1CCC2C(OC(=O)[C@]2(O)CO)C2C1CC(O)C2C,0
C[C@]12CCC(O)CC1CCC1C2C(=O)C[C@]2(CO)C(C(=O)CO)CCC12,0
CC(=O)OCC1OC(OC2C(CO)OC(OC3CC[C@]4(C)C(CCC5C4CC[C@]4(C)C5CC5O[C@]6(CCC(C)CO6)C(C)C54)C3)C(O)C2O)C(OC2OC(CO)C(O)C(O)C2O)C(OC2OC(CO)C(O)C(O)C2O)C1O,0
CC(C)=CCC[C@](C)(OC1OC(CO)C(O)C(O)C1O)C1CC[C@@]2(C)C1C(O)CC1[C@]3(C)CCC(OC4OC(CO)C(O)C(O)C4O)C(C)(C)C3C(O)C[C@@]12C,0
CC(C)C1=CC2=CC3OC(=O)[C@]4(CCCC(C)(C)C34)C2=C(O)C1=O,0
C=C1CC1CC(NC(=O)CCC(N)C(=O)O)C(=O)O,0
C=C(CO)C1CC[C@]2(C)CC[C@]3(C)C(=CCC4[C@]5(C)C=CC(=O)C(C)(C)C5CC[C@]43C)C12,0
CC(C)C(C)CCC(C)C1CC[C@@]2(C)C3CCC4C(C)C(=O)CC[C@@]45C[C@@]35CC[C@]12C,0
CC(C)C(NC(=O)C(N)CCC(N)=O)C(=O)O,0
CCCCCCCCCCCCC(O)C1CCC(C(O)CCCC(O)C(O)CCCCCC2CC(CC(C)=O)C(=O)O2)O1,0
C=C[C@@](C)(O)CC/C=C(/C)C(=O)OC1OC(CO)C(O)C(O)C1O,0
COC(=O)[C@]12CCC(C)[C@@](C)(O)C1C1=CCC3[C@@]4(C)CCC(OC5OCC(O)C(O)C5O)C(C)(C)C4CC[C@@]3(C)[C@]1(C)CC2,0
CC(=O)OC1CC[C@]2(C)C(CC[C@]3(C)C2CC=C2C4[C@](C)(CCC(C)[C@@]4(C)O)CC[C@]23C)C1(C)C,0
CCCCCCOC1OC(COC2OC(CO)C(O)C2O)C(O)C(O)C1O,0
C=C[C@](C)(CC/C=C(\C)CC/C=C(/C)CC/C=C(\C)COC1OC(CO)C(O)C(O)C1O)OC1OC(CO)C(O)C(O)C1O,0
CC1=C(O)C(=O)CC(OC2CC(C)(C)CC3C4=CCC5[C@]6(C)CCC(OC7OC(C(=O)O)C(O)C(O)C7OC7OCC(O)C(O)C7OC7OC(CO)C(O)C(O)C7O)[C@@](C)(CO)C6CC[C@]5(C)[C@@]4(C)CC[C@]23C)O1,0
C=C1C[C@@]23C[C@]1(OC1OC(CO)C(O)C(O)C1O)CCC2[C@]12CCC[C@](C)(C(=O)O1)C2C3C(=O)O,0
C=C1C(=O)OC2C[C@@]3(C)C(=CC12)C(C)CCC3O,0
CC(O)C(N)C(=O)NC(CCCNC(=N)N)C(=O)O,0
CC1OC(OC(C(O)C=O)C(O)C(O)CO)C(O)C(O)C1O,0
N=C(N)NCCCC(NC(=O)C(N)CC(N)=O)C(=O)O,0
C=C1C(OC(=O)CC(C)C)CC(C(C)C)C2C1CC(=O)C2C(C)O,0
CC1=C(/C=C/C(C)=C\C=C\C(C)=C\C=C\C=C(\C)CO)C(C)(C)CC(O)C1,0
CCCCCCCCCCCCC/C=C/C(O)C(COC1OC(CO)C(OC2OC(CO)C(OC3OC(CO)C(O)C(OC4OC(CO)C(O)C(O[C@@]5(C(=O)O)CC(O)C(NC(C)=O)C(C(O)C(O)CO)O5)C4O)C3CC(C)=O)C(O[C@]3(C(=O)O)CC(O)C(NC(C)=O)C(C(O)C(CO)O[C@]4(C(=O)O)CC(O)C(NC(C)=O)C(C(O)C(O)CO)O4)O3)C2O)C(O)C1O)NC(=O)CCCCCCCCCCC,0
CCC(C)C1C/C(O)=N\C(CCN)/C(O)=N/C(C(C)CC)/C(O)=N/C(CCN)/C(O)=N/C(Cc2ccccc2)/C(O)=N/C(CC(C)C)/C(O)=N/C(CCN)/C(O)=N/C(C(C)C)/C(O)=N\C(CC(C)C)/C(O)=N/C(CO)C(=O)O1,0
CC(C)(O)C1CCC(COC2OC(CO)C(O)C(O)C2O)CC1,0
O=c1cc(-c2ccc(O)c(O)c2)oc2cc(O)c(C3OC(CO)C(O)C(O)C3OC3OC(CO)C(O)C(O)C3O)c(O)c12,0
C[C@]12CCC(=O)C=C1CCC1C3CCC(C(=O)CO)[C@]34CC(OC4OC3OC(C(=O)O)C(O)C(O)C3O)C12,0
CCCCCCCCCCC(O)C1CCC(COCCCCCCCCCCCCCCCCC2=CC(C)OC2=O)O1,0
CC1CC[C@@]2(OC1)OC1CC3C4CCC5CC(OC6OC(CO)C(OC7OC(CO)C(O)C(O)C7O)C(O)C6O)CC[C@@]5(C)C4CC(=O)[C@@]3(C)C1C2C,0
Cn1c2ccccc2c(=O)c2c(O)cc3c(c21)CC([C@](O)(CO)COC1OC(CO)C(O)C(O)C1O)O3,0
OCC(O)C(O)C(O)C(O)COC1OC(CO)C(O)C(O)C1O,0
COCC1OC(OC2C(COC)OC(OC)C(OC)C2OC)C(OC)C(OC)C1OC,0
CC(C)C(C)/C=C/C(C)C1CCC2C3=CC(O)C4=CC(=O)CC[C@@]4(C)C3CC[C@]21C,0
CC(CCCC(CO)COS(=O)(=O)O)C1CCC2C3C(O)CC4CC(O)CC[C@]4(C)C3CC(O)[C@]12C,0
CO[C@]1(CCC(C)COC2OC(CO)C(O)C(O)C2O)OC2CC3C4CC(OC5OC(C)C(O)C(OC6OCC(O)C(O)C6O)C5O)C5CC(=O)CC[C@]5(C)C4CC[C@]3(C)C2C1C,0
CC1(C)C(=O)[C@@]2(O)CC3=CCC[C@@]4(C)C3=C(C(=O)OC4c3ccoc3)[C@]2(O)[C@@]2(C)OC(=O)C3O[C@]312,0
CCC(O)C1CC(C)[C@]2(CC(=O)[C@@]3(C)C4=C(CC[C@]32C)[C@@]2(C)CCC(=O)[C@](C)(CO)C2CC4)O1,0
CC(CCC(=O)O)C1CCC2C3CCC4CC(OC5OC(C(=O)O)C(O)C(O)C5O)CC[C@@]4(C)C3CC(O)[C@@]12C,0
CC(C)CC(N)C(=O)NC(CCC(=O)O)C(=O)[O-],0
NC(CCC(=O)[O-])C(=O)NC(CC(=O)O)C(=O)O,0
O=C(O)C1OC(OCC2OC(O)C(O)C(O)C2O)C(O)C(O)C1O,0
CCC(C)C(NC(=O)C(N)Cc1ccc(O)cc1)C(=O)O,0
O=C([O-])C1Cc2c([nH]c3ccccc23)C(C(O)C(O)C(O)C(O)CO)N1,0
CCCCCCCC/C=C\CCCCCCCCCCCCCCCC(=O)NC(COC1OC(CO)C(OC2OC(CO)C(OC3OC(CO)C(O)C(O)C3CC(C)=O)C(O[C@]3(C(=O)O)CC(O)C(NC(C)=O)C(C(O)C(CO)O[C@@]4(C(=O)O)CC(O)C(NC(C)=O)C(C(O)C(CO)O[C@@]5(C(=O)O)CC(O)C(NC(C)=O)C(C(O)C(O)CO)O5)O4)O3)C2O)C(O)C1O)C(O)CCCCCCCCCCCCCCC,0
CCCCCCCC/C=C\CCCCCCCCCCCCCC(=O)NC(COC1OC(CO)C(OC2OC(CO)C(O)C(O[C@]3(C(=O)O)CC(O)C(NC(C)=O)C(C(O)C(O)CO)O3)C2O)C(O)C1O)C(O)CCCCCCCCCCCCCCC,0
C=C1C(=O)OC2C[C@]3(C)CC(=O)CC(C)C3=CC12,0
C/C(=C/CO)C1CCC(C)(C)O1,0
CC1CCC2C[C@@]3(OC2(C)C)C(C)CCC13,0
CC(C)(O)/C=C/C[C@](C)(O)C1C(=O)C[C@]2(COC3OC(COC4OCC(O)C(O)C4O)C(O)C(O)C3O)C1CCC1[C@@]3(C)CCC(OC4OCC(O)C(O)C4O)C(C)(C)C3CC[C@]12C,0
CC/C=C\C/C=C\C/C=C\CCCCCCCC(=O)OC1CC[C@@]2(C)C(=CCC3C2CC[C@]2(C)C(C(C)CCC(C)C(C)C)CCC32)C1,0
CCC1OC1C/C=C\C/C=C\C/C=C\C/C=C\C/C=C\CCC(=O)O,0
Nc1ncnc2c1ncn2C1OC(CO[P@@](=O)([O-])O[P@](=O)([O-])O[P@](=O)([O-])O[P@](=O)([O-])OCC2OC(n3cnc4c(N)ncnc43)C(O)C2O)C(O)C1O,0
C=C(C)C1CCC2[C@]3(CC[C@@]4(C)C(C(C)CC/C=C(/C)C(=O)OC)CC[C@]24C)C[C@]13CCC(=O)O,0
CC1(C)CC[C@]2(C(=O)O)CC[C@]3(C)C(=CCC4[C@@]5(C)CC(O)C(OC6OC(CO)C(OC7OC(CO)C(O)C(O)C7O)C(O)C6O)[C@@](C)(C(=O)O)C5CC[C@]43C)C2C1,0
COc1cc(/C=C\C(=O)NCCCCNC(=N)N)cc2c1OC(c1ccc(OC3OC(CO)C(O)C(O)C3O)cc1)C2C(=O)NCCCCNC(=N)N,0
CC1C=C2C(=O)OCC2C(O)C2CC(C)(C)CC12,0
CC1(C)C=C2c3cc4[nH]c5c(c4cc3C(O)C2C(C)(C)O1)CC1CC[C@@]2(O)C3=CC(O)C(C(C)(C)O)OC3CC[C@]2(C)[C@@]51C,0
COC[C@]1(O)C2C[C@@]3(C(C)CC[C@]3(O)[C@@]13COC3=O)C(O)C(=O)O2,0
CC(C)(/C=C/C[C@@](C)(OC1OC(CO)C(O)C(O)C1O)C1CC[C@@]2(C)C1C(O)CC1[C@]3(C)CCC(O)C(C)(C)C3C(O)C[C@@]12C)OO,0
CCCCCCCCCCCCC(O)C1CCC(C(O)CC(O)CCCCCC(O)CCC(O)CC2=CC(C)OC2=O)O1,0
N=C(N)NCCCC(NC(=O)C(N)CO)C(=O)O,0
CC1(C)CC[C@@]2(C(=O)O)CC[C@@]3(C)C(=CCC4[C@@]5(C)CCC(OC6OC(CO)C(O)C(OC7OC(CO)C(O)C(O)C7O)C6OC6OC(CO)C(O)C(O)C6O)C(C)(C)C5CC[C@]43C)C2C1,0
CC(C)=CCC/C(C)=C\COC1OC(COC2OC(C)C(O)C(O)C2O)C(O)C(O)C1O,0
CCCCCCCCCCCCC/C=C/C(O)C(COC1OC(CO)C(OC2OC(CO)C(OC3OC(CO)C(O)C(O)C3CC(C)=O)C(O[C@]3(C(=O)O)CC(O)C(NC(C)=O)C(C(O)C(CO)O[C@]4(C(=O)O)CC(O)C(NC(C)=O)C(C(O)C(CO)O[C@]5(C(=O)O)CC(O)C(NC(C)=O)C(C(O)C(O)CO)O5)O4)O3)C2O)C(O)C1O)NC(=O)CCCCCCCCCCC,0
CC1C2C(CC3C4CC=C5CC(O)CC[C@]5(C)C4CC[C@@]32C)O[C@@]12CC[C@@](O)(CO)CO2,0
CC(=O)OC1C(C)=CC[C@@]2(C1OC(C)=O)C1C(C)COC(=O)C1O[C@]2(C)O,0
C[C@]12CCC(O)CC1=CCC1C2C(O)C[C@]2(C)C1CC[C@]2(O)C(=O)CO,0
CCCCC/C=C/C(=O)SCCNC(=O)CCNC(=O)C(O)C(C)(C)COP(=O)(O)OP(=O)(O)OCC1OC(n2cnc3c(N)ncnc32)C(O)C1OP(=O)(O)O,0
CCCCCCC/C=C/C(=O)SCCNC(=O)CCNC(=O)C(O)C(C)(C)COP(=O)(O)OP(=O)(O)OCC1OC(n2cnc3c(N)ncnc32)C(O)C1OP(=O)(O)O,0
Oc1ccc2c3c1OC1C(O)C=CC4C(C2)NCC[C@]341,0
C=C(C)C1OC2CC[C@@]3(C)[C@@](O)(CCC4Cc5c([nH]c6cc7c(cc56)CC5C7=CC(C)(C)OC5(C)C)[C@@]43C)C2=CC1O,0
CC(C)CC(=O)OC(CC(=O)[O-])C[N+](C)(C)C,0
CC(C)C(C)/C=C/C(C)C1CCC2C3=CC(O)[C@@]4(O)CC(OC5OC(CO)C(O)C(O)C5O)CC[C@]4(C)C3CC[C@]21C,0
CCCCCC/C=C\CCCCCCCCCC(=O)NC(COC1OC(CO)C(OC2OC(CO)C(OC3OC(CO)C(O)C(OC4OC(CO)C(O)C(O)C4O)C3CC(C)=O)C(O[C@@]3(C(=O)O)CC(O)C(NC(C)=O)C(C(O)C(CO)O[C@@]4(C(=O)O)CC(O)C(NC(C)=O)C(C(O)C(CO)O[C@]5(C(=O)O)CC(O)C(NC(C)=O)C(C(O)C(O)CO)O5)O4)O3)C2O)C(O)C1O)C(O)/C=C/CCCCCCCCCCCCC,0
CC(C/C=C/C(C)(C)O)CCOC1OC(CO)C(O)C(O)C1O,0
CCCCCCCCCCCCC/C=C/C(O)C(COC1OC(CO)C(OC2OC(CO)C(OC3OC(CO)C(O)C(O)C3CC(C)=O)C(O[C@@]3(C(=O)O)CC(O)C(NC(C)=O)C(C(O)C(CO)O[C@@]4(C(=O)O)CC(O)C(NC(C)=O)C(C(O)C(CO)O[C@@]5(C(=O)O)CC(O)C(NC(C)=O)C(C(O)C(O)CO)O5)O4)O3)C2O)C(O)C1O)NC(=O)CCCCCCCCCCCCCCCCCCCCCC,0
Oc1ccc(C2Oc3cc(O)cc4c3C2c2cc(O)cc3c2C(c2cc(O)cc5c2C4C(c2ccc(O)cc2)O5)C(c2ccc(O)cc2)O3)cc1,0
C=C1C[C@@]23C[C@]1(O)CCC2[C@@]1(C)CC(O)C[C@@](C)(C(=O)O)C1C3C(=O)O,0
CC(C)=CCC[C@]1(C)C(CC=C(C)C)C[C@]2(CC=C(C)C)C(=O)[C@@]1(C(=O)C(C)C)C(=O)C1=C2OC(C)(C)C=C1,0
CC(=O)OC(C/C=C(\C)C(=O)O)C(C)C1CC(OC(C)=O)[C@]2(C)C3=CCC4C(C)(C)C(OC(C)=O)CC[C@@]4(C)C3=CC[C@]12C,0
CC(CC[C@@]1(O)OC2CC3C4CC=C5CC(OC6OC(CO)C(O)C(OC7OC(CO)C(O)C(O)C7O)C6OC6OC(C)C(O)C(O)C6O)CC[C@@]5(C)C4CC[C@@]3(C)C2C1C)COC1OC(CO)C(O)C(O)C1O,0
CC1(C)CC[C@@]2(C(=O)OC3OC(CO)C(O)C(O)C3O)C(O)C[C@@]3(C)C(=CCC4[C@]3(C)CCC3C(C)(C)C(OC5OCC(O)C(OC6OC(CO)C(O)C(O)C6O)C5O)CC[C@@]34C)C2C1,0
COC1=CC(C)C2CC3OC(=O)CC4C(C)=C(OC)C(=O)C([C@@]34C)[C@]2(C)C1=O,0
NC(CC(O)/C(O)=N/C1OCC=C1CO)C(=O)O,0
CCCCCCCCCCCCC/C=C/C(O)C(COC1OC(CO)C(OC2OC(CO)C(OC3OC(CO)C(O)C(O)C3CC(C)=O)C(O[C@@]3(C(=O)O)CC(O)C(NC(C)=O)C(C(O)C(CO)O[C@@]4(C(=O)O)CC(O)C(NC(C)=O)C(C(O)C(CO)O[C@@]5(C(=O)O)CC(O)C(NC(C)=O)C(C(O)C(O)CO)O5)O4)O3)C2O)C(O)C1O)NC(=O)CCCCCCCCCCCCCCCCCCCCCCC,0
CCCCCC(O)/C=C/C1C(SCC(NC(=O)CCC(N)C(=O)O)C(=O)NCC(=O)O)CC(=O)C1CCCCCCC(=O)O,0
CCCCCCCCCCCCC/C=C\C(O)C(COC1OC(CO)C(OC2OC(CO)C(O)C(O)C2O)C(O)C1O)NC(=O)CCCCCCCCCCCCCCCCCCCCCCCCC,0
CC(=O)C1CC(=O)[C@@]2(C)C3=C(C(=O)C[C@@]12C)[C@@]1(C)CCC(=O)C(C)(C)C1CC3O,0
CC/C=C\C#CC(O)c1ccc(/C=C\C(=O)OC)o1,0
CC(=O)OC1C[C@]2(C)C(CCC(O)[C@@]2(C)O)[C@](C=O)(CC(O)c2ccoc2)C1C,0
CC(CC[C@]1(O)OC2CC3C4CCC5CC(OC6OC(CO)C(OC7OC(CO)C(OC8OC(CO)C(O)C(O)C8OC8OCC(O)C(O)C8O)C(OC8OC(C)C(O)C(O)C8O)C7O)C(O)C6O)CC[C@]5(C)C4CC(=O)[C@@]3(C)C2C1C)COC1OC(CO)C(O)C(O)C1O,0
CCCCCCCC(=O)OCCCC1C(=C(C)C)CCC2[C@@]1(C)CC[C@@]1(C)C(C(C)CCC=C(C)C)CC[C@]21C,0
COC(=O)/C(C)=C\C=C\C(C)=C\C=C\C=C(C)/C=C/C=C(\C)C(=O)OC1OC(CO)C(O)C(O)C1O,0
CCCCCCCCCCCCCCCCCCC(=O)CC(O)CCCCC,0
CCCCCCC(C)CC(C)(C)C,0
CCCCC/C=C\CC1OC1C/C=C\C/C=C\CCCC(=O)NCCO,0
C=C(C(C)C)C(O)C(O)C(C)C1CCC2C3COC(=O)C4CC(O)C(O)C[C@@]4(C)C3CC[C@@]12C,0
C/C1=C/C(C)C/C=C\C2C3O[C@]3(C)C(C)C3C(C(C)c4c[nH]c5ccccc45)NC(=O)[C@]23C(=O)CCC(=O)C1=O,0
CCCCCCCCCCCCCCCCC(=O)OC(CC(=O)[O-])C[N+](C)(C)C,0
Cc1nc2c(=O)[nH]c(=O)nc-2n(CC(O)C(O)C(O)CO)c1C,0
CC/C=C/CC(O)/C=C/C1OC(O)CC(O)C1C/C=C/CCCC(=O)O,0
CCCCCC(O)/C=C/C(O)C(O)C/C=C\C/C=C\CCCC(=O)O,0
CCCCCCCCCCCCCCCCCCCCCCCCCC(=O)NC(COC1OC(CO)C(OC2OC(CO)C(OC3OC(CO)C(O)C(OC4OC(CO)C(O)C(O)C4O)C3CC(C)=O)C(O[C@@]3(C(=O)O)CC(O)C(NC(C)=O)C(C(O)C(CO)O[C@@]4(C(=O)O)CC(O)C(NC(C)=O)C(C(O)C(CO)O[C@@]5(C(=O)O)CC(O)C(NC(C)=O)C(C(O)C(O)CO)O5)O4)O3)C2O)C(O)C1O)C(O)CCCCCCCCCCCCCCC,0
CCCCCCCCCCCCCCC(=O)CC(O)CCCCC,0
C=C(C)C(C)CCC(C)C1CC[C@@]2(C)C3CCC4C(C)(C)C(OC(=O)CCCCCCCCCCCCCCC)CC[C@]45C[C@]35CC[C@]12C,0
CC(C)c1cc2c(c(O)c1O)C(=O)C1CCCC(C)(C)C1CC2,0
CC(=O)OC1C=C2C(CC[C@@]3(C)[C@@]2(O)CCC2Cc4c([nH]c5cc6c(cc45)CC4C6=CC(C)(C)OC4(C)C)[C@@]23C)OC1C(C)(C)O,0
CC1CC[C@@]2(OC1)OC1CC3C4CC(O)C5CC(OC6OC(CO)C(OC7OC(CO)C(O)C(OC8OC(CO)C(O)C(O)C8O)C7OC7OC(CO)C(O)C(O)C7O)C(O)C6O)CC[C@]5(C)C4CC[C@]3(C)C1C2C,0
CC1=C(C(CO)CC(C)COC2OC(CO)C(O)C(O)C2O)OC2CC3C4CC(=O)C5CC(OC6OC(COC7OCC(O)C(O)C7O)C(OC7OCC(O)C(O)C7O)C(O)C6O)CC[C@@]5(C)C4CC[C@@]3(C)C12,0
CC(CCC(=O)O)C1CCC2C3C=CC4=CC(=O)CC[C@]4(C)C3CC(O)[C@]12C,0
CCC1C2CCN3CC[C@]4(c5cccc(OC)c5N(C(C)=O)C4C2)C13,0
C=C1COC(=O)[C@@]12C[C@]1(C)C(C)CCC(OC(=O)/C=C/SC)C1C2OC(C)=O,0
CC1CC([C@](C)(O)C2CCC3C4C5OC5[C@]5(O)CC=CC(=O)[C@]5(C)C4CC[C@]32C)OC(=O)C1C,0
CCCCCCCC/C=C\CCCCCCCCCCCCCC(=O)NC(COC1OC(CO)C(OC2OC(CO)C(OC3OC(CO)C(O)C(O)C3CC(C)=O)C(O[C@@]3(C(=O)O)CC(O)C(NC(C)=O)C(C(O)C(O)CO)O3)C2O)C(O)C1O)C(O)CCCCCCCCCCCCCCC,0
CCCCCCCCCCCCCCC(O)C1CCC(C(O)CCCCCCCCCCCCC2=CC(C)OC2=O)O1,0
CC1=CC(c2c(O)ccc(C(=O)/C=C/c3ccc(O)cc3O)c2O)C(C(=O)c2ccc(O)c(/C=C/C(C)C)c2O)C(c2ccc(O)cc2O)C1,0
CCCCCC/C=C\CCCCCCCCCC(=O)NC(COC1OC(CO)C(OC2OC(CO)C(O)C(O[C@]3(C(=O)O)CC(O)C(NC(C)=O)C(C(O)C(CO)O[C@@]4(C(=O)O)CC(O)C(NC(C)=O)C(C(O)C(CO)O[C@@]5(C(=O)O)CC(O)C(NC(C)=O)C(C(O)C(O)CO)O5)O4)O3)C2O)C(O)C1O)C(O)/C=C/CCCCCCCCCCCCC,0
CC1=C(/C=C/C(C)=C/C=C/C(C)=C/C=C/C=C(C)/C=C/C=C(C)/C=C/C=C(\C)CCC2OC2(C)C)C(C)(C)CCC1,0
CC(C)=CCC[C@](C)(OC1OC(COC2OC(C)C(O)C(O)C2O)C(O)C(O)C1OC1OC(CO)C(O)C(O)C1O)[C@@]1(O)CC[C@@]2(C)C1C(O)CC1[C@]3(C)CCC(O)C(C)(C)C3C(OC3OC(CO)C(O)C(O)C3O)C[C@@]12C,0
CC(C(=O)O)C(=O)OC(CC(=O)[O-])C[N+](C)(C)C,0
CC1OC(OC2CC[C@]3(C=O)C4C(O)C[C@]5(C)C(C6=CC(=O)OC6)CC[C@@]5(O)C4CC[C@@]3(O)C2)C(O)C(O)C1O,0
CC(=O)OC1CC(C(C)CC(=O)/C=C(/C)C(=O)O)[C@]2(C)CC=C3C(=CCC4C(C)(C)C(O)CC[C@@]34C)[C@]12C,0
CCCCCCCC/C=C\CCCCCCCCCCCC(=O)NC(COC1OC(CO)C(OC2OC(CO)C(OC3OC(CO)C(O)C(OC4OC(CO)C(O)C(O[C@@]5(C(=O)O)CC(O)C(NC(C)=O)C(C(O)C(O)CO)O5)C4O)C3CC(C)=O)C(O[C@]3(C(=O)O)CC(O)C(NC(C)=O)C(C(O)C(O)CO)O3)C2O)C(O)C1O)C(O)/C=C/CCCCCCCCCCCCC,0
CCCCCCCC/C=C\CCCCCCCCCCCCCCCC(=O)NC(COC1OC(CO)C(OC2OC(CO)C(OC3OC(CO)C(O)C(OC4OC(CO)C(O)C(O)C4O)C3CC(C)=O)C(O[C@]3(C(=O)O)CC(O)C(NC(C)=O)C(C(O)C(CO)O[C@@]4(C(=O)O)CC(O)C(NC(C)=O)C(C(O)C(O)CO)O4)O3)C2O)C(O)C1O)C(O)CCCCCCCCCCCCCCC,0
C=C(C)C1CC[C@]2(C)CCC[C@](C)(O)C2C1,0
CCCCCC(O)CCCCC(O)C1CCC(C2CCC(C(O)CCCCC(O)CCCCCCCC3=CC(C)OC3=O)O2)O1,0
CCCCCCCCCCCCCCCCCCCC(=O)NC(COC1OC(CO)C(OC2OC(CO)C(OC3OC(CO)C(O)C(O)C3CC(C)=O)C(O[C@@]3(C(=O)O)CC(O)C(NC(C)=O)C(C(O)C(CO)O[C@@]4(C(=O)O)CC(O)C(NC(C)=O)C(C(O)C(CO)O[C@@]5(C(=O)O)CC(O)C(NC(C)=O)C(C(O)C(O)CO)O5)O4)O3)C2O)C(O)C1O)C(O)CCCCCCCCCCCCCCC,0
CCCCCCCCCCCCCCCC(O)CC(=O)SCCNC(=O)CCNC(=O)C(O)C(C)(C)COP(=O)(O)OP(=O)(O)OCC1OC(n2cnc3c(N)nccc32)C(O)C1OP(=O)(O)O,0
CN1CC(O)c2cc(O)c(O)cc21,0
COc1cc(/C=C/C(=O)OC2C[C@]3(C)C(CC[C@@]4(C)C3CC=C3C5C(C)C(C)CC[C@@]5(C(=O)O)CC[C@@]34C)C(C)(C)C2O)ccc1O,0
NCCCCC(NC(=O)C(N)Cc1c[nH]c2ccccc12)C(=O)O,0
CC1CC[C@]2(OC1)OC1CC3C4CC(O)C5CC(O)CC[C@]5(C)C4CC[C@]3(C)C1C2C,0
CC(=O)OC1C(C)OC(OC(=O)[C@@]23CCC(C)(C)CC2C2=CCC4[C@]5(C)CCC(OC6OC(C(=O)O)C(O)C(OC7OCC(O)C(O)C7O)C6OC6OC(CO)C(O)C(O)C6O)[C@](C)(C=O)C5CC[C@]4(C)[C@@]2(C)CC3O)C(OC2OC(C)C(OC3OCC(O)C(O)C3O)C(O)C2O)C1OC1OC(CO)C(O)C(O)C1O,0
O=C(O)C1CC(O)CN1C(=O)C1CC(O)CN1,0
CCCCCCCCCCCCCCCC(O)C(COC1OC(CO)C(OC2OC(CO)C(O)C(O[C@]3(C(=O)O)CC(O)C(NC(C)=O)C(C(O)C(CO)O[C@]4(C(=O)O)CC(O)C(NC(C)=O)C(C(O)C(CO)O[C@]5(C(=O)O)CC(O)C(NC(C)=O)C(C(O)C(O)CO)O5)O4)O3)C2O)C(O)C1O)NC(=O)CCCCCCCCCCCCC,0
CCCCCC(=O)OC(CC(=O)[O-])C[N+](C)(C)C,0
O=C(/C=C\c1ccc(O)c(O)c1)OC1CC(C(=O)O)=CC(O)C1O,0
CC(C)=CCc1cc(CC(O)C(=O)c2cc(CC=C(C)C)c(O)cc2O)ccc1O,0
O=P([O-])(O)C(NC1CCCCCC1)P(=O)([O-])O,0
C=C1C(O)[C@]23C[C@@]1(O)CCC2[C@]12CC(O)C(O)[C@](C)(C(=O)O1)C2C3C(=O)O,0
COC1O[C@]23C=CC4[C@@]1(CC[C@@]1(C)C(C(C)C/C=C/C(C)(C)O)CC[C@]41C)C2CCC(OC1OC(CO)C(O)C(O)C1O)C3(C)C,0
CC/C=C/C/C=C/C/C=C/C/C=C/C/C=C/C/C=C/CCC(=O)OC(CC(=O)[O-])C[N+](C)(C)C,0
CCCCCC(O)/C=C/C1OC1C/C=C\C/C=C\CCCC(=O)O,0
C/C(=C\CCC(C)C1CC[C@@]2(C)C3CCC4C(C)(C)C(=O)CC[C@@]45C[C@@]35CC[C@]12C)C(=O)O,0
C=C[C@@]1(C)CCC2=C(CCC3[C@@](C)(C(=O)O)CCC[C@@]23C)C1,0
CCCCC/C=C\C/C=C\CC(O)/C=C\C=C\CCCC(=O)O,0
CC1=C(/C=C/C(C)=C/C=C/C(C)=C/C=C/C=C(C)/C=C/C=C(\C)C2C=C3C(C)(C)CCC[C@]3(C)O2)C(C)(C)CCC1,0
O=C(OCC1OC(c2c(O)cc(O)c(C(=O)c3ccc(O)c(O)c3)c2O)C(O)C(O)C1O)c1ccc(O)cc1,0
CC(C)(C(=O)O)C1CC[C@@]23CC(CCC2[C@]1(C)CC(=O)O)[C@]1(C)OC13,0
CCCCCCCC/C=C\CCCCCCCCCCCC(=O)NC(COC1OC(CO)C(OC2OC(CO)C(O)C(O[C@]3(C(=O)O)CC(O)C(NC(C)=O)C(C(O)C(CO)O[C@]4(C(=O)O)CC(O)C(NC(C)=O)C(C(O)C(CO)O[C@]5(C(=O)O)CC(O)C(NC(C)=O)C(C(O)C(O)CO)O5)O4)O3)C2O)C(O)C1O)C(O)CCCCCCCCCCCCCCC,0
C=C[C@](C)(O)CC[C@]1(C)C(C)CC[C@]2(C)C(C)=CCCC21,0
COc1cc(/C=C/C(=O)OC[C@@]2(O)COC(OC3C(Oc4ccc(C5CC(=O)c6ccc(O)cc6O5)cc4)OC(CO)C(O)C3O)C2O)ccc1O,0
C=C1C[C@]23CC1C(O)CC2[C@]1(C)CCC(O)[C@@](C)(C(=O)O)C1C3C(=O)O,0
C/C(C=O)=C\CCC(C)C1CC[C@@]2(C)C3=C(CC[C@@]12C)[C@@]1(C)CCC(O)C(C)(C)C1CC3=O,0
C/C=C(\C)C(=O)OC1C2=C(C)C(=O)O[C@@]2(OC)CC2CCC(O)C(C)[C@@]21C,0
CCCCCCCC/C=C\CCCCCCCCCCCCCC(=O)NC(COC1OC(CO)C(OC2OC(CO)C(O)C(O[C@]3(C(=O)O)CC(O)C(NC(C)=O)C(C(O)C(CO)O[C@]4(C(=O)O)CC(O)C(NC(C)=O)C(C(O)C(CO)O[C@]5(C(=O)O)CC(O)C(NC(C)=O)C(C(O)C(O)CO)O5)O4)O3)C2O)C(O)C1O)C(O)CCCCCCCCCCCCCCC,0
CC(CC[C@@](O)(CO)C(C)C)C1C(O)C[C@@]2(C)C3CCC4[C@](C)(C(=O)O)C(O)CC(O)[C@]45C[C@]35CC[C@]12C,0
CCC(C)C(N)C(=O)NC(CCC(=O)O)C(=O)[O-],0
CCC(/C=C\C(C)C1CCC2C3C(=O)C=C4CC(O)CC[C@@]4(C)C3CC[C@@]12C)C(C)C,0
CC(C)(COP(=O)(O)OP(=O)(O)OCC1OC(n2cnc3c(N)ncnc32)C(O)C1OP(=O)(O)O)C(O)C(=O)NCCC(=O)NCCSC(=O)CCN,0
CC12C3CC(CC31)[C@@]2(C)CC=O,0
CC(=O)OC1C(C)OC(OC(=O)[C@@]23CCC(C)(C)CC2C2=CCC4[C@]5(C)CCC(OC6OC(C(=O)O)C(O)C(O)C6OC6OC(CO)C(O)C(O)C6O)[C@](C)(C=O)C5CC[C@]4(C)[C@@]2(C)CC3O)C(OC2OC(C)C(OC3OCC(O)C(O)C3O)C(O)C2O)C1OC1OC(C)C(O)C(O)C1O,0
CC1C(O)CC[C@@]2(C)CCC(C(C)(C)O)CC12,0
CC(C(O)C(O)C(=O)C(C)(C)O)C1CC[C@@]2(C)C3CC=C4C(CCC(OC5OC(COC6OC(CO)C(O)C(O)C6O)C(O)C(O)C5O)C4(C)C)[C@@]3(C)CC[C@]12C,0
CCC(C)C(=O)OC1CC2CC[C@@]1(C)C2(C)C,0
CC(C)C1=C2C3CC=C4C(O)[C@@]5(O)COC6OC(C4[C@@]6(O)C5O)[C@@]3(C)CC[C@]2(C)CC1,0
CC(C)=CCC/C(C)=C\CC/C(C)=C/CC/C=C(/C)CCC1C(C)=CCC(O)C1(C)C,0
C[C@@]12CCC3c4ccc(OS(=O)(=O)O)c(O)c4CCC3C1CCC2=O,0
CCC(/C=C/C(C)C1CCC2C3=CCC4CC(OC5OC(CO)C(O)C(O)C5OC5OC(CO)C(O)C(O)C5OC5OC(CO)C(O)C(O)C5O)CC[C@@]4(C)C3CC[C@@]21C)C(C)C,0
C[C@]12CO[C@](C)(O1)[C@@]13CC2CC[C@@]1(C)CCC3O,0
CCCCCCCCCCCCC/C=C/C(O)C(N)COC1OC(CO)C(O)C(O)C1O,0
CCCCCCCCCCCCC(O)C1CCC(C(O)CCCCCC(=O)CCCCC2CC(CC(C)=O)C(=O)O2)O1,0
CC(CCC1O[C@@]1(C)CO)C1CC[C@]2(C)C3=C(CC[C@]12C)[C@@]1(C)CCC(=O)C(C)(C)C1CC3O,0
CC1CC[C@]2(C(=O)O)CC[C@]3(C)C(=CCC4[C@]3(C)CC(=O)C3C(C)(C)C(OC(=O)c5ccccc5)CC[C@@]34C)C2C1C,0
CC1C(=O)OC2C1CC[C@]1(C)CCC(=O)C(C)C21,0
CC1(C)C=C[C@]2(C)CC[C@]3(C)C(=CCC4[C@]3(C)CCC3[C@@](C)(CO)C(O)CC[C@@]34C)C2C1,0
CC(C)=C(C)CCC(C)C1CC[C@@]2(C)C3CCC4C(C)(C)C(O)CC[C@]45C[C@]35CC[C@]12C,0
C=C1CCC2C(C)(C)CCC[C@]2(C)C1CC/C(C)=C\C(=O)O,0
CCCCCCCCCCCCC/C=C/C(O)C(COC1OC(CO)C(OC2OC(CO)C(OC3OC(CO)C(O)C(OC4OC(CO)C(O)C(O[C@]5(C(=O)O)CC(O)C(NC(C)=O)C(C(O)C(O)CO)O5)C4O)C3CC(C)=O)C(O[C@]3(C(=O)O)CC(O)C(NC(C)=O)C(C(O)C(CO)O[C@@]4(C(=O)O)CC(O)C(NC(C)=O)C(C(O)C(CO)O[C@@]5(C(=O)O)CC(O)C(NC(C)=O)C(C(O)C(O)CO)O5)O4)O3)C2O)C(O)C1O)NC(=O)CCCCCCCCCCCCCCCCCCC,0
N=C(N)NCCCCNC(=O)/C=C\c1cc(O)c2c(c1)C(C(=O)NCCCCNC(=N)N)C(c1ccc(O)cc1)O2,0
NC(CN[N+](=O)[O-])C(=O)O,0
CCCCCCCCCCCC/C=C/CCC(O)C(O)CCC(O)C1CCC(CCCCCC(O)CC2=CC(C)OC2=O)O1,0
CCCCC(O)C(O)C/C=C\CCC(O)C1CCC(CCCCCCCCCCCCC(O)CC2=CC(C)OC2=O)O1,0
CC1(C)C(O)CC[C@@]2(C)C1CC[C@@]1(C)C2C(=O)C=C2[C@@]1(C)CC[C@@]1(C)CC[C@]3(C)C[C@]21OC3=O,0
CCCCCCCCCCCCC/C=C/C(O)C(COC1OC(CO)C(OC2OC(CO)C(O)C(O[C@@]3(C(=O)O)CC(O)C(NC(C)=O)C(C(O)C(CO)O[C@@]4(C(=O)O)CC(O)C(NC(C)=O)C(C(O)C(CO)O[C@@]5(C(=O)O)CC(O)C(NC(C)=O)C(C(O)C(O)CO)O5)O4)O3)C2O)C(O)C1O)NC(=O)CCCCCCCCCCCCCCC,0
CCCCCCCCCCCCC/C=C/C(O)C(COC1OC(CO)C(OC2OC(CO)C(OC3OC(CO)C(O)C(OC4OC(CO)C(O)C(O[C@@]5(C(=O)O)CC(O)C(NC(C)=O)C(C(O)C(O)CO)O5)C4O)C3CC(C)=O)C(O[C@]3(C(=O)O)CC(O)C(NC(C)=O)C(C(O)C(O)CO)O3)C2O)C(O)C1O)NC(=O)CCCCCCCCCCCCCCC,0
CCCCC/C=C\C/C=C\CCCCCCCC(=O)OCC1COP(=O)(O)O1,0
Nc1nc2c(c(=O)[nH]1)N(O)[C@@](O)(C(O)C(O)CO)C(O)N2O,0
COC(=O)CC1c2cc(O)c(O)cc2C(c2ccc(O)c(O)c2)C1C(=O)OC,0
CC1(C)CC[C@@]2(C(=O)OC3OC(CO)C(O)C(O)C3O)CC[C@@]3(C)C(=CCC4[C@@]5(C)CCC(OC6OC(C(=O)O)C7O[C@@](O)(C(=O)O)C(OCC(=O)O)OC7C6O)[C@](C)(CO)C5CC[C@]43C)C2C1,0
CCCCCCCC/C=C\CCCCCCCCCCCC(=O)NC(COC1OC(CO)C(OC2OC(CO)C(OC3OC(CO)C(O)C(OC4OC(CO)C(O)C(O)C4O)C3CC(C)=O)C(O[C@@]3(C(=O)O)CC(O)C(NC(C)=O)C(C(O)C(CO)O[C@]4(C(=O)O)CC(O)C(NC(C)=O)C(C(O)C(O)CO)O4)O3)C2O)C(O)C1O)C(O)/C=C/CCCCCCCCCCCCC,0
CC(C)C1CC2[C@@]3(O)C4O[C@@](O)(C[C@@]2(C)[C@]2(O)CC(OC5OC(CO)C(O)C(O)C5O)C(C)C42)[C@@]13C,0
CCCCCCCCCCCCC/C=C/C(O)C(COC1OC(CO)C(OC2OC(CO)C(OC3OC(CO)C(O)C(O)C3NC(C)=O)C(O[C@]3(C(=O)O)CC(O)C(NC(C)=O)C(C(O)C(O)CO)O3)C2O)C(O)C1O)NC(=O)CCCCCCCCCCC,0
CC(CC[C@]1(O)OC2CC3C4CCC5=CC(OC6OC(CO)C(O)C(O)C6OC6OC(C)C(O)C(O)C6O)CC[C@]5(C)C4CC[C@]3(C)C2C1C)COC1OC(CO)C(O)C(O)C1O,0
C/C(=C/CC/C(C)=C\CC/C(C)=C/CC/C(C)=C/CO)CC/C=C(/C)CC/C=C(\C)CCCC(C)CCCC(C)CCCC(C)C,0
N=CN1c2c(nc(N)[nH]c2=O)NCC1CNc1ccc(C(=O)NC(CCC(=O)O)C(=O)O)cc1,0
CC(=O)NC1C(OCC2OC(OC(C(O)CO)C(O)C(O)C=O)C(O)C(OC3OC(CO)C(OC4OC(C)C(O)C(O)C4O)C(OC4OC(CO)C(O)C(O)C4O)C3NC(C)=O)C2O)OC(CO)C(OC2OC(CO)C(O)C(O)C2O)C1OC1OC(C)C(O)C(O)C1O,0
CC1(C)CC(O)[C@]2(C)CC[C@]3(C)C(=CCC4[C@@]5(C)CCC(OC6OC(C(=O)O)C(O)C(O)C6OC6OC(CO)C(O)C(O)C6O)C(C)(C)C5CC[C@]43C)C2C1,0
CC(CC[C@](O)(CO)C(C)C)C1C(O)C[C@@]2(C)C3CCC4[C@](C)(C(=O)OC5OC(CO)C(O)C(O)C5O)C(O)CC(O)[C@]45C[C@]35CC[C@]12C,0
C=C[C@]1(C)CCC2C(=CC3OC(=O)[C@]4(C)CC(O)C[C@]2(C)C34)C1,0
C/C=C(/C)C(=O)OC1CC(C)(C)CC2C3=CCC4[C@]5(C)CCC(OC6OC(C(=O)O)C(OC7OCC(O)C(O)C7OC7OC(CO)C(O)C(O)C7O)C(O)C6OC6OC(CO)C(O)C(O)C6O)C(C)(C)C5CC[C@]4(C)[C@]3(C)CC(O)[C@@]12CO,0
COC1O[C@]23C=CC4[C@@]1(CC[C@@]1(C)C(C(C)C/C=C/C(C)(C)OC)CC[C@]41C)C2CCC(OC1OC(CO)C(O)C(O)C1O)C3(C)C,0
Cn1cnc(CC(N)C(=O)O)c1,0
CCC(=O)C(=O)O,0
CC(O)CC(=O)O,0
O=c1ccn(C2CC(O)C(CO)O2)c(=O)[nH]1,0
O=P(O)(O)O[C@H]1[C@H](O)[C@@H](OP(=O)(O)O)[C@H](OP(=O)(O)O)[C@@H](O)[C@H]1O,0
Nc1ncnc2c1ncn2C1CC(O)C(COP(=O)(O)OP(=O)(O)O)O1,0
CN(CC(=O)O)C(=N)NP(=O)(O)O,0
O=P(O)(O)OC1C(O)C(O)C(O)C(O)C1O,0
Nc1nc2c(ncn2C2OC3COP(=O)(O)OC3C2O)c(=O)[nH]1,0
CC(C)CCC=O,0
C[N+](C)(C)CCCCC(N)C(=O)[O-],0
Cc1cn(C2CC(O)C(COP(=O)(O)OP(=O)(O)OC3OC(CO)C(O)C(O)C3O)O2)c(=O)[nH]c1=O,0
Nc1ncnc2c1ncn2C1OC(COP(=O)(O)OP(=O)(O)OP(=O)(O)OP(=O)(O)O)C(O)C1O,0
c1ncc2[nH]cnc2n1,0
CC(=O)NC1C(OP(=O)(O)O)OC(CO)C(O)C1O,0
O=C(O)C1CC(O)C=N1,0
CN(C)C(=N)NC(=N)N,0
O=c1[nH]c(=O)c2[nH]c(=O)[nH]c2[nH]1,0
CCOCCn1c(C2CCN(CCc3ccc(C(C)(C)C(=O)O)cc3)CC2)nc2ccccc21,0
OCCN1CC(O)C(O)C(O)C1CO,0
CC(CCC(=O)O)C1CCC2C3C(O)CC4CC(O)CC[C@]4(C)C3CC[C@]12C,0
CC(CO)CCNc1ncnc2nc[nH]c12,0
CC(C)CC(N)C(=O)NCC(=O)O,0
O=C(OCC1OC(c2c(O)cc(O)c(C(=O)c3ccc(O)cc3)c2O)C(OC(=O)c2cc(O)c(O)c(O)c2)C(O)C1O)c1cc(O)c(O)c(O)c1,0
O=c1ccn(C2CC(O)C(COP(=O)(O)O)O2)c(=O)[nH]1,0
CC#Cc1ccc(/C=C\C(=O)OC)s1,0
CC(C)=CCC/C(C)=C\COC(=O)C(C)C,0
CC(=O)c1ccc2ccccc2c1,0
C/C=C1\C2CCN3CC[C@]4(c5cccc(OC)c5N(C(C)=O)C4C2)C13,0
O=C(O)c1ccc(C(=O)O)o1,0
C[C@@]12CCCC1C1CCC3CC(O)CC[C@]3(C)C1CC2,0
O=C(O)CC1CCCN1,0
CC(=O)NCCC=O,0
NC(CC(=O)O)C(=O)NC(Cc1c[nH]c2ccccc12)C(=O)O,0
CC(C)CCC[C@@](C)(O)C1CCC2C3CC=C4CC(O)CC[C@@]4(C)C3CC[C@]21C,0
COc1ccc(-c2cc(=O)c3c(OC)cc(OC)cc3o2)cc1,0
CCCCCCCC/C=C\CCCCCCCC(=O)NC(CO[P@@](=O)([O-])OCC[N+](C)(C)C)C(O)CCCCCCCCCCCCCCC,0
C/N=C(\NC)NCCCC(N)C(=O)O,0
COc1cc(O)c2c(=O)c3ccc(OC)c(OC)c3n(C)c2c1,0
CC(C)CC(O)CC(C)CCC(=O)c1ccoc1,0
C=CCC(CCC)C(=O)O,0
CC(=O)NC1C(N=C(N)N)C=C(C(=O)O)OC1C(O)C(O)CO,0
C=C[C@@]1(C)CCC(=O)O1,0
O=C1CCCN1,0
O=C(/C=C/c1ccccc1)c1cc(O)ccc1O,0
NCCCCCN,0
CCCc1c2oc(C(=O)O)cc(=O)c2cc2c(=O)cc(C(=O)O)n(CC)c12,0
CCCCC(C)C(=O)O,0
CCCCCCCCCCCCCCCCCCCCCCCCCCCCCC=O,0
O=C1OC(CO)C(O)C(O)C1O,0
CC(O)C(O)C1CNc2[nH]c(N)nc(=O)c2N1,0
CCCCCCCCCCCCCC(=O)CC(=O)O,0
N#[N+]c1ccc(CO)cc1,0
CCCCC/C=C\C/C=C\CC(O)C(O)C/C=C\CCCC(=O)O,0
C=C/C=C\C=O,0
CCC(O)c1ccccc1,0
CC(C)CC(NC(=O)C(N)C(C)C)C(=O)O,0
C/C=C/C=C/C=C/CC/C=C/C=C/C(=O)NCC(C)C,0
O=C(O)CNC(=O)C1CCCN1,0
CC(=O)C(=Cc1cc(O)c(O)c([N+](=O)[O-])c1)C(C)=O,0
CC1=C(/C=C\C2=CCC[C@]3(C)C2CCC3C(C)CCCC(C)C)CC(O)CC1,0
CCCCC(C)CCC(=O)O,0
O=C(O)CC1CCC(=O)O1,0
CC(=O)C=O,0
C[C@]1(O)C(O)=NC(=O)N(C2CC(O)C(CO)O2)C1O,0
C=C(/C=C\C=O)CCCCCCCCCC,0
CCCCCCCCCCCCCCCC(=O)OC1CC[C@@]2(C)C(=CCC3C2CC[C@]2(C)C(C(C)CCCC(C)C)CCC32)C1,0
CC/C=C\COC(=O)CCCCC,0
Nc1nc2c(c(=O)[nH]1)N=C(C(O)C(O)COP(=O)(O)O)CN2,0
COc1cc(C)cc(OC)c1Cl,0
CC1(C)CCC[C@](C)(O)C1=O,0
Cc1cc(C)c(/N=N/c2c(O)c(S(=O)(=O)[O-])cc3cc(S(=O)(=O)[O-])ccc23)cc1C,0
NC(CCC(=O)NC(CCC(=O)NC(CCC(=O)NC(CCC=O)C(=O)O)C(=O)O)C(=O)O)C(=O)O,0
CC1=C(/C=C/C(C)=C\C=C\C(C)=C/C(=O)O)C(C)(C)CCC1,0
O=C(O)C1OC(Oc2c[nH]c3ccccc23)C(O)C(O)C1O,0
C=C1CC/C=C(/C)C/C=C\C(C)(C)CC1O,0
O=C(O)C1=C(CSc2nnnn2CS(=O)(=O)O)CSC2C(NC(=O)C(O)c3ccccc3)C(=O)N12,0
CC(C)CCCC(C)C1CCC2C3C=CC4=CC(=O)CC[C@]4(C)C3CC[C@]12C,0
CCCCCC(O)/C=C/C1C=CC(=O)C1CCCCCCC(=O)O,0
CCCCCCCC/C=C/CCCCCCCCCCO,0
O=C1C=CC(=O)c2c(O)cccc21,0
O=C(O)CC(=O)OCC1OC(Oc2cc3c(O)cc(O)cc3[o+]c2-c2cc(O)c(O)c(O)c2)C(O)C(O)C1O,0
Cl,0
O=c1[nH]c(=O)c2ncn(C3OC(COP(=O)(O)OP(=O)(O)OP(=O)(O)OP(=O)(O)OCC4OC(n5cnc6c(=O)[nH]c(=O)[nH]c65)C(O)C4O)C(O)C3O)c2[nH]1,0
C[C@]12CCC3c4ccc(O)cc4CCC3C1CC(O)C2O,0
CCCCc1cc2c(=O)c(C(=O)OC)c[nH]c2cc1OCc1ccccc1,0
Nc1nc2c(ncn2C2OC(COP(=O)(O)OP(=O)(O)OP(=O)(O)OP(=O)(O)OP(=O)(O)OP(=O)(O)OP(=O)(O)OCC3OC(n4cnc5c(=O)[nH]c(N)nc54)C(O)C3O)C(O)C2O)c(=O)[nH]1,0
CCCCC/C=C\CC1OC1C(O)/C=C\C/C=C\CCCC(=O)O,0
CC/C=C\CC(=O)OCC,0
CCCCCCCCCC/C=C/CCCC(=O)O,0
Cc1ccnc2c1CCCC2,0
C/C=C/C(=O)C1C(C)C=CCC1(C)C,0
CC(CCC(=O)NCCS(=O)(=O)O)C1CCC2C3C(O)CC4CC(O)CC[C@]4(C)C3CC[C@]12C,0
CCCCCCC(=O)CCO,0
c1coc(Cn2cccc2)c1,0
CCCCCCCCOC(=O)CCC,0
CSCCC(NC=O)C(=O)O,0
Cc1cc2ncn(C3OC(COP(=O)(O)O)C(O)C3O)c2cc1C,0
CCCCCCC(N)C(=O)O,0
CC1=CC2OC3C(O)C(O)[C@@](C)([C@@]34CO4)[C@@]2(CO)C(O)C1=O,0
Cn1c(=O)[nH]c(=O)c2[nH]c(=O)[nH]c21,0
CN(CCc1cn(C2OC(CO)C(O)C(O)C2O)cn1)C(=O)/C=C/c1ccccc1,0
CN(/C=C\c1ccccc1)C(=O)/C=C/c1ccccc1,0
NC(CNC(=O)C(=O)O)C(=O)O,0
O=C1CCCO1,0
O=C1OC(C(O)CO)C(=O)C1=O,0
CC(C)(COP(=O)(O)OP(=O)(O)OCC1OC(n2cnc3c(N)ncnc32)C(O)C1OP(=O)(O)O)C(O)C(=O)NCCC(=O)NCCS,0
O=P(O)(O)OC(CO)CO,0
NC(=O)CC(NC(=O)C(N)Cc1ccccc1)C(=O)O,0
CCCC(=O)OC(C)Cc1ccccc1,0
CC1C(=O)C[C@@]2(C(C)C)CC12,0
OCCc1ccc(O)cc1,0
CC(C)OC(=O)C(C(=O)OC(C)C)=C1SCCS1,0
CC(C)=CCC/C(C)=C/Cc1c(CCC(=O)c2ccc(O)cc2O)ccc(O)c1O,0
CCC(C)CC(=O)O,0
C/C(C(=O)O)=C(\C)C(=O)O,0
CCCCCCCCCCCCC/C=C/C(O)C(COC1OC(CO)C(O)C(OS(=O)(=O)O)C1O)NC(=O)CCCCCCCCCCCCCCCCCCCCCCC,0
C[C@]12CCC3C(CC=C4CC(O)CC[C@@]43C)C1CCC2C(=O)CO,0
COC(C)(C)c1cc2c(ccc3ccc(=O)oc32)o1,0
CC1C(=O)CC2CC1C2(C)C,0
CC(C)C(O)CCC(C)C1CCC2C3CC=C4CC(O)CC[C@]4(C)C3CC[C@]12C,0
CCCCCCCC/C=C\CCCCCCCC(=O)NC(CO[P@](=O)([O-])OCC[N+](C)(C)C)C(O)/C=C/CCCCCCCCCCCCC,0
CCCCCC(=O)OCCC(C)C,0
O=C(O)CCCC/C=C\CC(=O)CC/C=C/C=C\C(O)CCCC(=O)O,0
CCC1=C(C)C(CC2=N/C(=C\c3[nH]c(CC4NC(=O)C(C)=C4CC)c(C)c3CCC(=O)O)C(CCC(=O)O)=C2C)NC1=O,0
CC(=O)CC(c1ccc(O)cc1)c1c(O)oc2ccccc2c1=O,0
CCO/C(S)=N/Cc1ccc(OC2OC(C)C(OC(C)=O)C(OC(C)=O)C2OC(C)=O)cc1,0
CC(=O)Oc1ccc2c(=O)c(-c3ccccc3)c(C)oc2c1,0
NC(Cc1ccc(O)cc1)C(=O)O,0
O=c1cc(-c2ccc(O)cc2O)oc2cc(O)cc(O)c12,0
C=C(C)C1CC=C(C)C(=O)C1,0
COc1ccc(C2Oc3cc(O)cc(O)c3CC2O)cc1O,0
NCCc1ccc(OS(=O)(=O)O)cc1,0
FC(F)(F)C(F)(F)C(F)(F)F,0
CSCCC(NC(=O)C(C)N)C(=O)O,0
C=C/C(C)=C\CC=C(C)C,0
CC1CCC2C1C1C(CC[C@]2(C)O)C1(C)C,0
CC(C)CCCCCCCCCCCCCCC(=O)O,0
CCOC(=O)CCC(C)C,0
CC1=CCCC(=C(C)C)C1,0
CC(CCC(=O)O)C1CCC2C3C(OS(=O)(=O)O)CC4CC(O)CC[C@]4(C)C3CC(O)[C@]12C,0
O=C(/C=C/c1ccccc1)c1ccc(O)c(O)c1,0
CC(C)CCCC(C)C1CCC2C3CCC4=CC(=O)CC[C@@]4(C)C3CC[C@@]12C,0
CCCCCCCS,0
COc1cc(CNC(=O)CCCCCC(C)C)ccc1O,0
C=C1CC[C@@]2(C(C)C)CC12,0
CC(C)C(N)C(=O)NC(CC(N)=O)C(=O)O,0
c1cc2ccsc2s1,0
O=C(O)C1Cc2[nH]cnc2CN1,0
CC(C)C(C(=O)O)C(=O)C(=O)O,0
CCCCC(=O)OC1CCCCC1,0
O=C1NS(=O)(=O)c2ccccc21,0
CCCCCCOC,0
CCCCCCCCCCCCC/C=C/C(O)C(COC1OC(CO)C(OC2OC(CO)C(OC3OC(CO)C(O)C(O)C3NC(C)=O)C(O[C@@]3(C(=O)O)CC(O)C(NC(C)=O)C(C(O)C(CO)O[C@]4(C(=O)O)CC(O)C(NC(C)=O)C(C(O)C(O)CO)O4)O3)C2O)C(O)C1O)NC(=O)CCCCCCCCCCCCCCCCCCCCCCC,0
CC(=O)OCCC(C)CCC=C(C)C,0
CC1=CCC(C(C)C)C=C1,0
CC(C)CCCC(C)C1CCC2C3CC=C4CCCC[C@@]4(C)C3CC[C@@]12C,0
CC1NCCc2c1[nH]c1cc(O)ccc21,0
C=C1/C(=C\C=C2/CCC[C@@]3(C)C2CCC3C(C)/C=C/C(C)C(C)(C)O)CC(O)CC1O,0
COc1cc2nccc3c4ccccc4n(c1=O)c23,0
CC(C)CCCC(C)C1CCC2C3CCC4CC(O)CC[C@@]4(C)C3CC[C@@]12C,0
CCCCCCCCC(=O)CCCCCCC(=O)O,0
CC(=O)C1CCC2C3CCC4CC(=O)CC[C@]4(C)C3CC[C@]12C,0
C/C=C/C(=O)CCC,0
CC(C)CC(=O)Cc1ccccc1,0
C=CCOC(=O)/C=C\C,0
OC(CS)C(O)CS,0
COc1cc2c(CC/N=C(\C)O)c[nH]c2cc1OS(=O)(=O)O,0
CC(=O)O[C@]1(C)CC[C@]23CC1C(C)(C)C2CCC3C,0
CC/C=C\C/C=C\C/C=C\C/C=C\C/C=C\CCCCCCCC(=O)O,0
CCCCCC(=O)OCC[N+](C)(C)C,0
CCCCCC(=O)/C=C/C1C(O)CC(=O)C1C/C=C\CCCC(=O)O,0
CC1=C(C=O)C(C)(C)C=CC1,0
CCCCC(=O)NC1(C(=O)NCc2ccc(-c3ccccc3-c3nn[nH]n3)cc2)CCCC1,0
CCc1occc(=O)c1O,0
CC1(C)C2CC[C@@]1(C)[C@@](C)(O)C2,0
O=C(OC1OC(C(=O)O)C(O)C(O)C1O)c1ccccc1,0
O=c1oc2ccccc2cc1O,0
NC(=O)CCC(NC(=O)C(N)Cc1ccccc1)C(=O)O,0
O=C(O)C(Cc1ccccc1)NC(=O)C1CCCN1,0
CSCCC(N)C(=O)NC(CC(C)C)C(=O)O,0
CCCCC/C=C\C(=O)OC,0
COc1cc2c(c3oc(=O)c4c(c13)CCC4=O)[C@]1(O)C=COC1O2,0
O=C(O)CC/C(=N\O)C(=O)O,0
CC(CCC(=O)NCC(=O)O)C1CCC2C3C(OS(=O)(=O)O)CC4CC(O)CC[C@]4(C)C3CC[C@]12C,0
C=CCCCCCCCCCCCC(CC(O)CO)OC(C)=O,0
NC(Cc1ccccc1)C(=O)NC(CC(=O)O)C(=O)O,0
CCCCN,0
CC1CC[C@]2(C(=O)O)CC[C@]3(C)C(=CCC4[C@@]5(C)CC(O)C(O)[C@@](C)(CO)C5C(O)C[C@]43C)C2C1C,0
Cn1c[n+](C2OC(CO)C(O)C2O)c2[nH]cnc(=O)c21,0
CCCCC(CC=O)SC,0
OCC(O)C(O)C(O)CO,0
CC(C)(COP(=O)(O)OP(=O)(O)OCC1OC(n2cnc3c(N)ncnc32)C(O)C1OP(=O)(O)O)C(O)C(=O)NCCC(=O)NCCSC(=O)CC(O)CCCCCCCCCCCCC(=O)O,0
O=C1CCCCC1=O,0
Cc1cc(O)c(C)c2c1O[C@](C)(CCCC(C)CCCC(C)CCCC(C)C)CC2,0
CC1(C)C2CC[C@]1(C)C(O)C2,0
C=CC(O)CCCCCCCC(=O)O,0
CCCCCCC(=O)O,0
CSCCC(N)C(=O)O,0
O=C(COP(=O)(O)O)Cc1c[nH]cn1,0
CCCCCCCCCCCC/C=C/C(O)C(COP(=O)(O)OCC[N+](C)(C)C)NC(=O)CCCCCCCCCCCCCCCCCCCCCCC,0
Cc1nnc(SCC2=C(C(=O)O)N3C(=O)C(NC(=O)Cn4cnnn4)C3SC2)s1,0
COC1CC[C@@]2(C)C(CC[C@]3(C)C2CCC2C4=CC(C)(C)CC[C@]4(C)CC[C@]23C)C1(C)C,0
C[C@@]12CCC3c4ccc(O)cc4CCC3C1CC(OC1OC(C(=O)O)C(O)C(O)C1O)C2O,0
CCCCCCCC/C=C\CCCCCCCCCCCC(=O)NC(CO)C(O)CCCCCCCCCCCCCCC,0
O=C(O)C(O)Cc1ccccc1,0
C/C(O)=C1/CC(=O)C2=C1CCCN2,0
C[C@]12CCC3C(C(O)C=C4CC(O)CC[C@@]43C)C1CCC2=O,0
COC1=CC(=O)c2cc(C)cc(O)c2C1=O,0
CCCCCCCCCCCCC#CCCCC(=O)O,0
N#CCc1ccc(O)cc1,0
O=P(O)(O)OCC(O)C(O)C(O)C(O)CO,0
NS(=O)(=O)c1ccc(-n2nc(C(F)(F)F)cc2-c2ccc(CO)cc2)cc1,0
CC(C)C(N)C(=O)NC(CCC(N)=O)C(=O)O,0
CCCCCC(=O)OCC(C)C,0
CCCCCCC(OC)OC,0
Cc1ncc(C=O)c(CO)c1O,0
COn1c2ccccc2c2cnsc21,0
O=P(O)(O)OC1C(OP(=O)(O)O)C(OP(=O)(O)O)C(OP(=O)(O)OP(=O)(O)O)C(OP(=O)(O)OP(=O)(O)O)C1OP(=O)(O)O,0
COc1c(O)c(C)c(C/C=C(\C)CCC=C(C)C)c(O)c1OC,0
Nc1ccn(C2CC(O)C(CO)O2)c(=O)n1,0
CC1=NCCc2cc(O)c(O)cc21,0
CCCC(C)C(=O)OC,0
CCOC(=O)CC(C)=O,0
CCC(C)C(NC(=O)C(CCCNC(=N)N)NC(=O)C(N)CCCNC(=N)N)C(=O)O,0
O=C(/C=C/c1ccc(O)c(O)c1)OC1C[C@@](O)(C(=O)O)CC(O)C1OC(=O)/C=C/c1ccc(O)c(O)c1,0
O=C(O)C(c1ccccc1)C1CCCCN1,0
CC1=CC(=C(C)C)CCC1,0
CC1Cc2ccc(/C(O)=N/C(Cc3ccccc3)C(=O)O)c(O)c2C(=O)O1,0
CC(C)=CCCC(C)CCO,0
CNC(=O)c1cccnc1,0
NOCCC(N)C(=O)O,0
C[C@]12CCC3C4CCC(O)CC4CCC3C1CCC2=O,0
CC1OC(O)C(O)C(O)C1O,0
O=C(O)C1CCCN1,0
CC(C)=CCc1c(-c2ccc(O)c3c2OC(C)(C)C=C3)oc2cc(O)cc(O)c2c1=O,0
COc1ccc(C2Sc3ccccc3N(CCN(C)C)C(=O)C2O)cc1,0
O=CC(=O)C(O)C(O)C(O)CO,0
C[C@]12CCC3C(CCC4C=CCC[C@@]43C)C1CCC2=O,0
Nc1ncnc2c1ncn2C1OC(COP(=O)(O)OP(=O)(O)OP(=O)(O)OP(=O)(O)OCC2OC(n3cnc4c(N)ncnc43)C(O)C2O)C(O)C1O,0
CC(=O)NCCC(=O)NC(Cc1cnc[nH]1)C(=O)O,0
C[C@]12CCC3C(CC=C4CC(O)CC[C@@]43C)C1CCC2=O,0
C=C(CCC)C(N)C(=O)O,0
CC1=C(/C=C/C(C)=C\C=C\C(C)=C\C=C/C=C(C)/C=C/C=O)C(C)(C)CCC1,0
C=CC(C)(C)c1cc(O)c2oc3c(CC=C(C)C)c(O)c(O)c(CCC(C)(C)O)c3c(=O)c2c1O,0
CCCCCCCCCCCCC/C=C/C(O)C(COC1OC(CO)C(O)C(O)C1O)NC(=O)CCCCCCCCCCCCCCCCCCCCCCC,0
CSCCC(N)C(=O)NC(CC(=O)O)C(=O)O,0
CCCC/C=C\CCCCCCCC(=O)OCCCCCCCCCCCCCCCC,0
CC(C)=CC1CC(C)CCO1,0
CC1=CCC(C(C)C)CC1=O,0
O=C1CC(c2ccc(Oc3c(O)c(C(=O)/C=C/c4ccc(O)cc4)c(O)c(C4OC(CO)C(O)C(O)C4O)c3O)cc2)Oc2cc(O)cc(O)c21,0
C=CC(=C)CCC1C(=C)CCC2[C@](C)(C(=O)O)CCC[C@]12C,0
CCCCCC/C=C/C=C\CCCCCCCC(=O)O,0
CCCCCCC/C=C/C=C/C=O,0
CC1=CC[C@@]23C(C)CCC(C(C)C)C2C13,0
C[C@]12CCC3c4ccc(O)cc4CCC3C1CC(=O)C2O,0
CC1=CC(=O)CC1,0
C[C@]12CC(O)C3C(CCC4=CC(=O)CC[C@@]43C)C1CCC2O,0
C[C@]12CCC3C(CC=C4CC(O)CC[C@@]43C)C1CC(O)C2O,0
CC(=O)NC(CS)C(=O)O,0
CCCCCCCCCCCCC(O)C(O)CCC(O)C1CCC(CC(O)CCCCCC(O)CC2=CC(C)OC2=O)O1,0
CCCCC/C=C/C(=O)OC(CCC(=O)[O-])[N+](C)(C)C,0
CC(=O)c1ccccc1O,0
NCCc1ccc(OC2OC(C(=O)O)C(O)C(O)C2O)cc1,0
O=C(O)C(O)C(O)C(O)C(O)COP(=O)(O)O,0
Oc1c(Br)cc(Br)cc1Br,0
[O-]O,0
O=C(/C=C/c1ccccc1)OC1OC(CO)C(O)C(O)C1O,0
Nc1cc2nc3ccccc3oc-2cc1=O,0
C[C@@](O)(COC1OC(CO)C(O)C(O)C1O)C1CC[C@@](C)(O)C(O)C1,0
CC/C=C\CC(O)/C=C/C1C(O)CC(=O)C1C/C=C\CCCC(=O)O,0
CCC1=C(O)C(=O)CC1,0
O=C(O)c1cc(O)c(O)c(OC(=O)c2cc(O)c(O)c(OC(=O)c3cc(O)c(O)c(O)c3)c2)c1,0
O=C1C(O)C(O)OC(CO)C1O,0
CCCC(=O)OCCCSC,0
COc1c(O)c(C)c(C/C=C(\C)CC/C=C(\C)CC/C=C(\C)CC/C=C(\C)CC/C=C(\C)CCC=C(C)C)c(O)c1OC,0
O=C(O)c1c(O)c(-c2ccccc2)nc2ccccc12,0
O=C(O)CCCC(=O)NCC(=O)O,0
O=C(OC1OC2COC(=O)c3cc(O)c(O)c(O)c3-c3c(cc(O)c(O)c3O)C(=O)OC(C2O)C1O)c1cc(O)c(O)c(O)c1,0
NCC(=O)c1ccccc1,0
NC(Cc1cnc[nH]1)C(=O)NCC(=O)O,0
CCCCCC(=O)/C=C/C=C\C=C\C=C\C(O)C(O)CCCC(=O)O,0
CC(S)S,0
CC(=O)NCC(=O)O,0
NCCC[C@](N)(C(=O)O)C(F)F,0
CC(C)=CC(=O)CC(C)c1ccc(C)cc1,0
COC(=O)/C=C/C(C)=C\C=C\C(C)=C\C=C\C=C(C)\C=C\C=C(/C)C=O,0
C=CCCCCCCCCC/C=C\c1ccco1,0
CC(=O)Nc1c(N)[nH]c(=O)n(C)c1=O,0
CC1CCC(C(C)C)CC1,0
C=C1C[C@@]23CCC4C(C)(C)CCC[C@]4(C)C2CCC1C3,0
CCC1OC1C/C=C\C/C=C\CCCCCCCC(=O)O,0
c1ccc2c(c1)-c1nccc3ccnc-2c13,0
CC#CC#CC#C/C=C/C=C/CCCOC(C)=O,0
COc1cc(O)cc(CCc2cccc(O)c2)c1,0
CC(O)C(NC(=O)CN)C(=O)O,0
COc1cc(CC2c3c(cc(OC)c(OC)c3OC)CC[N@@+]2(C)CCCOC(=O)CCC(=O)OCCC[N@@+]2(C)CCc3cc(OC)c(OC)c(OC)c3C2Cc2cc(OC)c(OC)c(OC)c2)cc(OC)c1OC,0
CCCc1ccccn1,0
C=C1C2CCC(C2)[C@@]1(C)CCC=C(C)C,0
O=C(O)/C=C\C(=O)O,0
COC(=O)c1cccs1,0
Cc1ccc(NC(=O)c2ccc(CN3CC[N+](C)([O-])CC3)cc2)cc1Nc1nccc(-c2cccnc2)n1,0
CC/C=C/C=C/C(C)=O,0
COCCl,0
CN(C)CCc1c[nH]c2cccc(O)c12,0
CCCCCCCCC/C=C/CCCCC(=O)O,0
CC(C)C(N)C(=O)N1CCCC1C(=O)NCC(=O)N1CCCC1C(=O)NC(CCCN=C(N)N)C(=O)O,0
C=C(C)C1CCC(C)C(OC(C)=O)C1,0
CCCCCCC[N+](=O)O,0
Nc1nc(=O)c2ncn(C3OC(COP(=O)(O)OP(=O)(O)OCC4OC(n5cnc6c(=O)nc(N)[nH]c65)C(O)C4O)C(O)C3O)c2[nH]1,0
Cc1c(C)c2c(c(C)c1OC(=O)CCC(=O)OCCO)CC[C@@](C)(CCCC(C)CCCC(C)CCCC(C)C)O2,0
CC(O)CO,0
CC(C)=CCc1c(-c2ccc(O)cc2O)oc2c(C3C=C(C)CC(c4ccc(O)cc4O)C3C(=O)c3ccc(O)cc3O)c(O)cc(O)c2c1=O,0
CN1C(C(=O)Nc2ccc(O)cn2)=C(O)c2ccccc2S1(=O)=O,0
OCC1OC(O)C(O)C(O)C1O,0
O=C1CCC(Cc2ccc(O)c(O)c2)O1,0
CCCC(=O)OC,0
CO/N=C(\C(=O)NC1C(=O)N2C(C(=O)O)=CCSC12)c1csc(N)n1,0
O=C1NC(=O)C(N2C(=O)c3ccccc3C2=O)CC1O,0
O=C(O)/C=C\C=C/C(=O)O,0
CC1=CC(=O)CC(C)(C)C1CCC(C)OC1OC(CO)C(O)C(O)C1O,0
CC(=O)NC1C(O)C[C@](OC2C(O)C(CO)OC(OC3C(O)C(CO)OC(OC4C(O)C(CO)OC(OC(C(O)CO)C(O)C(O)C=O)C4O)C3NC(C)=O)C2O)(C(=O)O)OC1C(O)C(O)CO,0
CC(C)CCCCCCC(C)(C)C,0
C=C(C)C1CCC(C)(O)CC1,0
O=C(O)c1ccc[nH]1,0
CC1CCC(C(C)C)[C@@]2(C1)OCC(CO)O2,0
CCCCCCCCCCCCCCCCCCCc1cc(O)cc(O)c1,0
CCCCC/C=C\C(=O)O,0
COc1cc2ccc1Oc1cc(ccc1O)CCC(=O)CCCC2,0
CC1=C(/C=C/C(C)=C/C=C/C(C)=C/C=C/C=C(C)/C=C/C=C(C)/C=C/C2=C(C)CC(O)CC2(C)C)C(C)(C)CC(O)C1,0
O=S(=O)(CCc1ccc2[nH]cc(CC3CCCN3)c2c1)c1ccccc1,0
O=C(O)CC1NC(=O)C(Cc2ccccc2)NC1=O,0
CCCCCCCCCCCCC/C=C/C(O)C(CO)NC(=O)CCCCCCCCCCCCCCCCCCC,0
CCOP(O)(=S)OCC,0
CC(O)CCCCO,0
COc1cc(/C=C/C(=O)Nc2ccccc2C(=O)O)ccc1O,0
COc1cc(C2OCC(Cc3ccc4c(c3)OCO4)C2CO)ccc1O,0
CSCCC(N)C(=O)NC(C)C(=O)O,0
CCCCC/C=C\C=C\C(O)CCCCCCCC(=O)O,0
CC(=O)C(=O)O,0
CC1=C(C)C(=O)C(CC[C@](C)(O)CCC(=O)O)=C(C)C1=O,0
COc1cc2c(cc1OC)C(=O)C(CC1CCNCC1)C2,0
O=C(NC(O)C(=O)O)c1ccccc1,0
O=C(O)CNC(=O)c1cccc(Cl)c1,0
Nc1ccn(C2OC(CO)C(O)C2OP(=O)(O)O)c(=O)n1,0
C=C(C)C1CC(=O)C(C)=C(O)C1,0
CCCCCCCCCCCCC/C=C\C=C\C(=O)NCC(C)C,0
CCCCCCCCCCCCCCCCCC(=O)NCCO,0
CC(C)=CCOC(=O)c1ccccc1,0
CCCCCC(=O)CCC1C(O)CC(O)C1C/C=C\CCCC(=O)O,0
CO[P@@](=S)(Oc1cc(Cl)c(Br)cc1Cl)c1ccccc1,0
CCC(=O)OCC1CCCO1,0
CCCCC/C=C\CC(O)/C=C/C=C/C=C\C(O)CCCC(=O)O,0
CCC/C=C/C(=O)CC,0
O=C(O)CC(=O)O,0
CCCCCCC(=O)CCCCCCCCCCCCCCCCCCCCCO,0
CNC(=N)N,0
CC(=O)CO,0
C=C1CCC(C(C)C)C2C=C(C)CCC12,0
CC(C)=CCSCC(N)C(=O)O,0
NC1CCSC1=O,0
CCCCCCCCCC(O)CC(=O)O,0
CCSC(C)CCO,0
NCC(=O)N1CCCC1C(=O)N1CCC(O)C1C(=O)O,0
CCc1csc(C)n1,0
CC(C)=CCc1c2c(c3oc4c(c(=O)c3c1O)CC(=C(C)C)Oc1cc(O)c(O)cc1-4)C=CC(C)(C)O2,0
O=C1OCC(O)C(O)C1O,0
NC(Cc1ccc(O)c(Cl)c1)C(=O)O,0
CC(C(=O)O)c1ccccc1,0
OCC(O)C(O)CO,0
C/C=C1\C(O)OC=C(C(=O)OC)C1CC(=O)OCCc1ccc(O)c(O)c1,0
CC(C)=CCCC(C(=O)O)C1CC[C@]2(C)C3=C(CC[C@@]12C)[C@@]1(C)CCC(O)C(C)(C)C1CC3,0
O=c1c(OC2OC(CO)C(O)C2O)c(-c2ccc(O)c(O)c2)oc2cc(O)cc(O)c12,0
O=C(O)CNCC(=O)O,0
NCC(=O)NC(Cc1ccccc1)C(=O)O,0
CCCCCC/C=C\CCCCCCCCCC(=O)OC(CCC(=O)[O-])[N+](C)(C)C,0
O=P(O)(O)OCC1OC(OP(=O)(O)O)C(O)C1O,0
OCC1OC(n2cnc3c(O)nc(O)nc32)C(O)C1O,0
COC1OC(COS(=O)(=O)[O-])C(OC2OC(C(=O)[O-])C(OC3OC(COS(=O)(=O)[O-])C(OC4OC(C(=O)[O-])C(OC5OC(COS(=O)(=O)[O-])C(O)C(O)C5NS(=O)(=O)[O-])C(O)C4O)C(OS(=O)(=O)[O-])C3NS(=O)(=O)[O-])C(O)C2OS(=O)(=O)[O-])C(O)C1NS(=O)(=O)[O-],0
CC1=CCC(C(C)C)c2cc(C)ccc21,0
CC(CN)C(=O)O,0
CCCCCCC(=O)OCC(C)C,0
CC1NC(=O)CNC1=O,0
CCCCCC/C=C\C=C\CCCCCCCC(=O)O,0
O=C(O)C(O)Cc1ccc(O)c(O)c1,0
NCCCCC(NC(=O)C(N)CCC(=O)O)C(=O)O,0
C=CCC(C)C(=O)OCCCCCC,0
COc1ccc2[nH]cc(CC(=O)O)c2c1,0
O=P(O)(O)C(O)(Cn1ccnc1)P(=O)(O)O,0
C=CCCCCC(C)O,0
CCc1nc(C)cs1,0
CCCCCCCCCC(=O)OCCc1scnc1C,0
CCCC/C=C/CC(=O)OCC,0
CC1=C(/C=C/C(C)=C/C=C/C(C)=C/C(=O)OC2OC(C(=O)O)C(O)C(O)C2O)C(C)(C)CCC1,0
CC(C)CCCC(C)C1CCC2C3CCC4CC(=O)CC[C@@]4(C)C3CC[C@@]12C,0
O=C(O)C(CO)OP(=O)(O)O,0
CC(C)=CCCC(C(=O)O)C1CC[C@@]2(C)C3=C(CC[C@]12C)[C@@]1(C)CCC(O)C(C)(C)C1CC3,0
C=C(CC)C(=O)COC,0
O=C(/C=C\C=C\c1ccccc1)CCc1ccccc1,0
CC(C)SC(C)C,0
C1SSCSSS1,0
CC1C=CC(=O)O1,0
O=S(=O)(O)NC1CCCCC1,0
C=C(CCC=C(C)C)C1CC=C(C)CC1,0
CCCc1cc(=O)oc2c(C(=O)CC(C)C)c(O)c(CC=C(C)C)c(O)c12,0
CC1OC(OP(=O)(O)O)C(O)C(O)C1O,0
CCCCCCCC1OCC(C)O1,0
N=C(N)N,0
CC/C=C\CC(O)/C=C/C=C\CCCCCCCC(=O)O,0
CC1CNc2[nH]c(N)nc(=O)c2N1,0
CSCSSC,0
CSCCC(N)C(=O)NC(CCC(N)=O)C(=O)O,0
CCCCC(=O)OCCc1ccccc1,0
CC(=O)NCCCC=O,0
CCCCCC/C=C\CCCCCCCCCCCC(=O)O,0
O=C(O)CC1CCC(O)CC1,0
CC1=C(/C=C/C(C)=C/C=C\C(C)=C\CO)C(C)(C)CCC1,0
CC(=O)NC1C(O[C@@](C)(COC2OC(C)C(O)C(O)C2O)C(O)C(O)CO)OC(CO)C(O)C1O,0
COC1OC(CO)C(OC2OC(CO)C(OC)C(O)C2O)C(O)C1O,0
O=P(O)(O)O,0
Cc1cccc(CC(=O)O)c1,0
CC(C)COC(=O)c1ccccc1C(=O)O,0
C=C[C@]1(C)CCC(C(C)C)C(=O)C1C(=C)C,0
O=C(O)C1CC(O)CN1C(=O)C1CCCN1,0
O=C(O)/C=C\c1cc(O)cc(O)c1,0
C=C(C)C1CC=C(C)C(O)C1,0
COc1ccc(CC2COC(=O)[C@@]2(O)Cc2ccc(OC3OC(CO)C(O)C(O)C3O)c(OC)c2)cc1OC,0
CC1(C)C(O)CC[C@@]2(C)C1CC[C@]1(C)C2C(=O)C=C2C3C[C@](C)(C(=O)O)CC[C@]3(C)CC[C@]21C,0
O=C1CC(C(=O)O)NC(=O)N1,0
CCCCC/C=C\CCCO,0
Nc1ccn(C2OC(CO)C3OP(=O)(O)OC32)c(=O)n1,0
CCOC(=O)CCc1ccco1,0
CCCSSSC,0
CC(C)CC(N)C(=O)N1CCCC1C(=O)O,0
NC(=O)CC(NC(=O)C(N)Cc1ccc(O)cc1)C(=O)O,0
C=COC(C)=O,0
C#CC#CC#CCCO,0
C/C(=C\COc1c2ccoc2cc2oc(=O)ccc12)CCC(C)(C)C=O,0
OCC(O)C(O)C(O)C(O)COCC1OC(O)C(O)C(O)C1O,0
C=C(C)C1CC=C(C)C(OC2OC(CO)C(O)C(O)C2O)C1,0
CC(CCC(=O)O)C1CCC2C3C(O)CC4CCCC[C@]4(C)C3CC(O)[C@]12C,0
CC1=C(O)C(=O)CO1,0
CC(C)CCCC(C)C1CCC2C3=CCC4CC(O)CC[C@@]4(C)C3CC[C@]21C,0
O=C(O)C1OC(O)C(O)C(O)C1O,0
CC(C)CCCC(C)C1CCC2C3C(O)C[C@]4(C(=O)O)CC(O)CC[C@]4(C)C3CC(O)[C@]12C,0
NC(=O)CCCCC1SCC2NC(=O)NC21,0
CCCCCCCCCCC/C=C/C=O,0
Cc1cc2nc[nH]c2cc1C,0
CC/C=C\CCOC(=O)CCCCC,0
C=C1C=CCC(C)(C)[C@]12CCC(C)O2,0
CC1CC[C@@]2(OC1)OC1CC3C4CCC5CC(O)CC[C@]5(C)C4CC[C@]3(C)C1C2C,0
NC(=O)CCC(NC(=O)CCC(N)C(=O)O)C(=O)O,0
OCC1OC(OC2C(CO)OC(OC3C(CO)OC(O)C(O)C3O)C(O)C2O)C(O)C(O)C1O,0
CCC(C)COC(=O)C=C(C)C,0
CC1CC(C)(C)CC1=O,0
NC(=O)C1=CN(C2OC(COP(=O)(O)OP(=O)(O)OCC3OC(n4cnc5c(N)ncnc54)C(O)C3O)C(O)C2O)C=CC1,0
CC(C)=CCS,0
CC(CCC(=O)O)C1CCC2C3CCC4CC(OC5OC(C(=O)O)C(O)C(O)C5O)CC[C@@]4(C)C3CC[C@@]12C,0
[O-][Cl+2]([O-])[O-],0
C#CCCCCCCCCCCCc1ccco1,0
NC(Cc1cnc[nH]1)C(=O)N1CCCC1C(=O)O,0
N=C(N)NCCCC(NC(=O)C1CCCN1)C(=O)O,0
CC1=C(/C=C/C(C)=C/C=C/C(C)=C/C(=O)O)C(C)(C)CCC1O,0
CCCCCCCC/C=C\CCCCCCCCCCCCCC(=O)NC(COC1OC(CO)C(OC2OC(CO)C(O)C(O)C2O)C(O)C1O)C(O)/C=C/CCCCCCCCCCCCC,0
CC(=O)NC1C(O)C[C@](OC2C(O)C(CO)OC(OC(C(O)CO)C(O)C(O)C=O)C2O)(C(=O)O)OC1C(O)C(O)CO,0
N#CSO,0
O=C1c2oc3cc(O)c(O)cc3c2C(=O)c2oc3cc(O)c(O)cc3c21,0
CCCCCCCCC1OCC(C)O1,0
[OH-],0
OCCc1c[nH]c2ccc(OC3OC(CO)C(O)C(O)C3O)cc12,0
CCCCC/C=C\C/C=C\C=C\C(O)C/C=C\CCCC(=O)O,0
CCCCC/C=C\C/C=C\C/C=C\C/C=C\CCCC(=O)NC(CO)CO,0
CCCCCCCCCCC/C=C\CCCCC(=O)[O-],0
O=C1CCC2C3Cc4ccc(O)c5c4[C@@]2(CCN3)C1O5,0
CC(C)=CCC/C(C)=C\CC/C(C)=C\CC/C(C)=C/C=C/C=C(\C)CC/C=C(\C)CC/C=C(/C)CCC=C(C)C,0
CC#CC#CC#CC#CCCCC,0
CCOC1OC(C(=O)O)C(O)C(O)C1O,0
Cc1cn(C2CC(O)C(COP(=O)(O)OP(=O)(O)OC3OC(C)C(=O)C(O)C3O)O2)c(=O)[nH]c1=O,0
CC1C(O)CC2CC1C2(C)C,0
CC(=O)NC1C(OC2C(O)C(CO)OC(OC3C(CO)OC(O)C(O)C3O)C2O)OC(CO)C(O)C1OC1OC(CO)C(O)C(O)C1O,0
CCCCC=O,0
O=C(O)C(=O)C(O)=C(O)O,0
CC(=O)CC(c1ccccc1)c1c(O)oc2ccc(O)cc2c1=O,0
CCC(=O)OCc1ccccc1,0
CCC/C=C/COC(=O)C(C)CC,0
Cc1c(CCC(=O)O)c2cc3nc(cc4[nH]c(cc5nc(cc1[nH]2)C(CCC(=O)O)=C5CC(=O)O)c(CCC(=O)O)c4C)C(CC(=O)O)=C3CCC(=O)O,0
CC1=CC2C(=C(C)CCC2C(C)C)CC1,0
CC/C=C\CCOC(=O)C(C)CC,0
CCC(=O)SC,0
CC/C=C\C/C=C\C/C=C\CCCCCCCC(=O)NCCO,0
CCCCCCCCCOC(C)=O,0
CCCC(C)(C)CC,0
CCCCCCCCCCCCC/C=C/C(O)C(CO)NC(=O)CCCCCCCCCCCCCCC,0
COc1cc(O)c2c(=O)c3cccc(O)c3n(C)c2c1OC,0
CCCC(=O)CC,0
O=C(O)CCC1=C(CC(=O)O)c2cc3[nH]c(cc4nc(cc5[nH]c(cc1n2)c(CC(=O)O)c5CCC(=O)O)C(CCC(=O)OO)=C4CC(=O)O)c(CC(=O)O)c3CCC(=O)O,0
CCCCN=C=S,0
CN1CC[C@]23c4c5ccc(O)c4OC2C(=O)C=CC3C1C5,0
CC(C)=CCC/C(C)=C/CC/C(C)=C\C=C\C(C)=C\C=C\C=C(C)\C=C\C=C(\C)CC/C=C(\C)CCC=C(C)C,0
C=C1OC(=O)/C(=C\CCCCCCCCCCCCC)C1O,0
O=C(/C=C/c1ccc(O)c(O)c1)OC1C[C@]2(O)CC(OC2=O)C1OC(=O)/C=C/c1ccc(O)c(O)c1,0
C[C@]12CCC3c4cc(O)c(O)cc4CCC3C1CCC2=O,0
CC(=O)SC(C)(C)C1CCC(C)CC1=O,0
O=C1CC(c2ccc(O)cc2)Oc2cc(O)ccc21,0
Cc1cccc(O)c1C,0
CCCCC/C=C\CC(O)/C=C/C=C/C=C\C(O)CCCC(=O)N(C)C,0
Oc1ccc(C2COc3cc(O)ccc3C2)cc1,0
Cc1ncc(C[n+]2csc(CCOP(=O)(O)OP(=O)(O)OCC3OC(n4cnc5c(N)ncnc54)C(O)C3O)c2C)c(N)n1,0
COc1cc(/C=C/C(=O)OCC2OC(Oc3c(-c4ccc(O)cc4)oc4cc(OC5OC(CO)C(O)C(O)C5O)cc(O)c4c3=O)C(OC3OC(CO)C(O)C(O)C3O)C(O)C2O)ccc1O,0
C=Cc1ccc(O)cc1,0
O=P(O)(O)OCC1O[C@@](CO)(OP(=O)(O)O)C(O)C1O,0
CCCCCCCCCCCCOC(=O)CC,0
C[C@]12CCC3c4cc(O)c(O)cc4CCC3C1CCC2O,0
CC1(C)C(=O)CC[C@]2(C)C1CC[C@@]13C=CC(CC21)[C@@](C)(O)C3,0
NCCCC(=O)NC(Cc1c[nH]cn1)C(=O)O,0
CC#Cc1ccc(CCC(=O)OC)s1,0
c1ccc(COCc2ccccc2)cc1,0
COC1=CC(=O)OC(CCc2ccc(OC)c(OC)c2)C1,0
COc1cc(CNC(=O)CCCCCCCC(C)C)ccc1O,0
O=c1[nH]cc(C2OC(CO)C(O)C2O)c(=O)[nH]1,0
CC1=C(/C=C/C(C)=C/C=C/C(C)=C/C(=O)O)C(C)(C)CCC1=O,0
NC(Cc1cn(C2OC(CO)C(O)C2O)cn1)C(=O)O,0
CCOCCO,0
O=C(CO)C(O)C(O)C(O)COP(=O)(O)O,0
O=P(O)(O)C(Sc1ccc(Cl)cc1)P(=O)(O)O,0
CC1CCC(C(C)C)C(OC(=O)OCCO)C1,0
C=C(C)CCCC(C)CCOC(=O)C(C)C,0
CCCCCC(=O)CCC1C(O)CC(=O)C1C/C=C\CCCC(=O)O,0
C/C=C/C=C/C#C/C=C\CCCCCCCCC(=O)O,0
CCCCC(=O)OC/C=C(/C)CCC=C(C)C,0
C=C/C(C)=C/CC=C(C)C,0
CC1OC(OP(=O)(O)OP(=O)(O)OCC2OC(n3cnc4c(=O)[nH]c(N)nc43)C(O)C2O)C(O)C(O)C1O,0
C=C(CCC(C)C1CCC2C3=CC=C4CC(O)CC[C@]4(C)C3CC[C@@]21C)C(C)C,0
O=C1/C(=C/c2ccc(O)c(O)c2)Oc2c1ccc(O)c2O,0
CC(=O)CC(c1ccccc1)c1c(O)oc2cc(O)ccc2c1=O,0
NCCCC(N)C(=O)O,0
COc1cc(CC(=O)C(=O)O)ccc1O,0
CCCCC/C=C/CCCCCC/C=C\C=C\C(=O)N1CCCCC1,0
CC(C)(CO)C(O)C(=O)NCCC(=O)NCCSSCCNC(=O)CCNC(=O)C(O)C(C)(C)CO,0
COc1ccccc1O,0
CC(CCC(=O)O)C1CCC2C3C(O)CC4CC(=O)CC[C@]4(C)C3CC[C@]12C,0
CC(=O)OC1CC[C@@]2(C)C(CC[C@]3(C)C2C(=O)C=C2C4C(C)C(C)CC[C@]4(C)CC[C@]23C)[C@@]1(C)C(=O)O,0
CCCCCCCCCCCCC/C=C/C(O)C(COC1OC(CO)C(OC2OC(CO)C(O)C(O[C@]3(C(=O)O)CC(O)C(NC(C)=O)C(C(O)C(O)CO)O3)C2O)C(O)C1O)NC(=O)CCCCCCCCCCCCCCCCC,0
O=Cc1cc2c(cc1O)[nH]c1ccccc12,0
O=C(O)CCCC(O)/C=C\C=C\C=C\C(O)C/C=C\CCCCC(O)O,0
CCCCCCCC/C=C\CCCCCCCCCCCCCCCC(=O)NC(COC1OC(CO)C(O)C(O)C1O)C(O)/C=C/CCCCCCCCCCCCC,0
O=P(O)(O)OP(=O)(O)OP(=O)(O)OCC1OC(n2cnc3c(O)ncnc32)C(O)C1O,0
Cc1ncc(C[n+]2csc(CCOP(=O)(O)OP(=O)(O)OP(=O)(O)O)c2C)c(N)n1,0
O=C(O)C(O)C(O)C(O)CO,0
CCCCC(=O)OCCC(C)C,0
CCCCCCCC(=O)OCCC(C)C,0
Cc1ccc(S(=O)(=O)NC(=O)NN2CC3CCCC3C2)cc1,1
CO[C@]12CC[C@@]3(CC1[C@](C)(O)C(C)(C)C)C1Cc4ccc(O)c5c4[C@@]3(CCN1CC1CC1)C2O5,1
[CH3:1][CH:2]([CH3:3])[c:4]1[c:5](/[CH:6]=[CH:7]/[C@H:8]([OH:9])[CH2:10][C@H:11]([OH:12])[CH2:13][C:14]([OH:15])=[O:16])[c:17](-[c:27]2[cH:28][cH:29][c:30]([F:31])[cH:32][cH:33]2)[n:18][c:19]([N:21]([CH3:22])[S:23]([CH3:24])(=[O:25])=[O:26])[n:20]1,1
[nH:1]1[c:2]([S@:10](=[O:11])[CH2:12][c:13]2[n:14][c:15]([CH3:16])[cH:17][c:18]([O:19][CH2:20][C:21]([F:22])([F:23])[F:24])[c:25]2[CH3:26])[n:3][c:4]2[cH:5][cH:6][cH:7][cH:8][c:9]12,1
O=C(/C=C/c1c(C(=O)O)[nH]c2cc(Cl)cc(Cl)c12)Nc1ccccc1,1
CCCCC1=NC2(CCC(O)C2)C(=O)N1Cc1ccc(-c2ccccc2-c2nn[nH]n2)cc1,1
CN1CC[C@]23c4c5ccc(O)c4OC2C(=O)CCC3C1C5,1
Cc1ccc(Nc2c(F)cccc2Cl)c(CC(=O)O)c1,1
Cc1cnc(C(=O)NCCc2ccc(S(=O)(=O)NC(=O)NC3CCCCC3)cc2)cn1,1
Cc1c(F)c(N)c2c(=O)cc(-c3ccc(N)c(F)c3)oc2c1F,1
[cH:1]1[cH:2][cH:3][c:4]([CH2:7][N:8]2[CH2:9][CH2:10][CH:11]([CH2:12][CH:13]3[C:14](=[O:15])[c:16]4[cH:17][c:18]([O:19][CH3:20])[c:21]([O:22][CH3:23])[cH:24][c:25]4[CH2:26]3)[CH2:27][CH2:28]2)[cH:5][cH:6]1,1
[cH:1]1[cH:2][cH:3][c:4]([CH:7]([O:8][CH2:9][CH2:10][NH:11][CH3:12])[c:13]2[cH:14][cH:15][cH:16][cH:17][cH:18]2)[cH:5][cH:6]1,1
Cc1c(F)c(N)c2c(=O)cc(-c3ccc(NO)c(F)c3)oc2c1F,1
Cc1c(F)c(NO)c2c(=O)cc(-c3ccc(N)c(F)c3)oc2c1F,1
CC(C)C1CCC(C(=O)NC(Cc2ccccc2)C(=O)O)CC1,1
C#C[C@]1(O)CCC2C3CCc4cc(OC)ccc4C3CC[C@@]21C,1
C#C[C@]1(O)CCC2[C@]1(C)CCC1c3ccc(O)cc3CC[C@]12C,1
CC(C)C(C(=O)OC(C#N)c1cccc(Oc2ccccc2)c1)c1ccc(Cl)cc1,1
[OH:1][C:2](=[O:3])[CH:4]([c:5]1[cH:6][c:7]2[c:8]([cH:19][cH:20]1)[S:9][c:10]1[cH:11][cH:12][cH:13][cH:14][c:15]1[C:16](=[O:17])[CH2:18]2)[CH3:21],1
CCC1=C(C)CN(C(=O)NCCc2ccc(S(=O)(=O)NC(=O)NC3CCC(C)CC3)cc2)C1=O,1
COc1c2c(cc(O)c1-c1cc3ccccc3o1)OCO2,0
C[C@@]1(C=O)CCC[C@]2(C)C3CCC4C[C@@]3(CCC12)CC4CO,0
CCOc1ccc(CC(CN(CCN(CC(=O)[O-])CC(=O)[O-])CC(=O)[O-])N(CC(=O)[O-])CC(=O)[O-])cc1,0
CC(NC(=O)CC(N)C(=O)O)C(=O)O,0
CC/C=C/CCCC/C=C/CCCCCCCC(=O)O,0
CCC(C)C(N)C(=O)N1CCCC1C(=O)O,0
C/C(=C\C(C)C1CCC2[C@@]1(C)CCC1[C@]23C=C[C@]2(CC(O)CC[C@@]12C)OO3)C(C)C(C)C,0
Clc1ccccc1CN1C=Cc2sccc2C1,0
CCC(C)C(/N=C(\O)C(N)Cc1ccc(OS(=O)(=O)O)cc1)/C(O)=N/C(Cc1ccc(OS(=O)(=O)O)cc1)/C(O)=N/C(/C(O)=N/C(CCC(=N)O)C(=O)O)C(C)O,0
C=CC(O)CCC,0
NC(=O)c1ccc[n+](C2OC(COP(=O)([O-])O)C(O)C2O)c1,0
CC(CCC(=O)O)C1CCC2C3CC(O)C4CC(O)CC[C@]4(C)C3CC[C@]12C,0
CC(C)=CCC[C@@](C)(O)C1CC[C@]2(C)C1C(O)CC1[C@@]3(C)CCC(OC4OC(COC5OCC(O)C(O)C5O)C(O)C(O)C4O)C(C)(C)C3CC[C@]12C,0
CC(C)=CC(C[C@]1(C)OC1C1CCC2[C@]3(C)CCC(OC4OC(CO)C(O)C(O)C4OC4OC(C)C(O)C(O)C4O)C(C)(C)C3CC[C@]2(C)[C@]12COC(=O)C2)OC1OC(CO)C(O)C(O)C1O,0
CCCC#CCCCCCCCCCCCCO,0
CCC/C=C/C(=O)OCC[N+](C)(C)C,0
O=C(O)C1OC(Oc2c(-c3ccc(O)cc3)oc3cc(O)cc(O)c3c2=O)C(O)C(O)C1O,0
CC1=CC(=O)CC(C)(C)C1COC1OC(CO)C(O)C(O)C1O,0
CC(C)=CCc1c(O)ccc(C2COc3c(CC=C(C)C)c(O)cc(O)c3C2=O)c1O,0
Oc1ccc(C2Oc3cc(O)cc(O)c3C(O)C2O)cc1,0
COc1cc(O)c2c(=O)c3cc(OC)ccc3oc2c1,0
CCCCC/C=C\C=C/C(O)C/C=C\C/C=C/CCCC(=O)O,0
CCC1OC1C/C=C\C/C=C\C/C=C\C/C=C\CCCC(=O)O,0
CC(C)=CCc1c(O)c(CC=C(C)C)c2oc3c(O)cccc3c(=O)c2c1O,0
C=C1C2CCC3[C@@]4(C(=O)O)CCC[C@@](C)(C(=O)O)C4C(C(=O)O)[C@]3(C2)C1O,0
C[C@@]12CCC3C(CCC4CC(OC5OC(C(=O)O)C(O)C(O)C5O)CC[C@]43C)C1CCC2O,0
N#C[C@@]1(OC2OC(CO)C(O)C(O)C2O)C=CC(O)C1O,0
CCCCCCCCCCCCCCCCCCCCCCCCC(=O)NC(CO)C(O)CCCCCCCCCCCCCCC,0
CC(=O)SCC=C(C)C,0
C/C=C(\C=O)CSC,0
C/C(=C\COP(=O)(O)OP(=O)(O)O)CCCC(C)CCCC(C)CCCC(C)C,0
CCCCCCCCCCCCCCCCCC(=O)NC(COC1OC(CO)C(OC2OC(CO)C(OC3OC(CO)C(O)C(OC4OC(CO)C(O)C(O[C@]5(C(=O)O)CC(O)C(NC(C)=O)C(C(O)C(O)CO)O5)C4O)C3CC(C)=O)C(O[C@]3(C(=O)O)CC(O)C(NC(C)=O)C(C(O)C(CO)O[C@]4(C(=O)O)CC(O)C(NC(C)=O)C(C(O)C(O)CO)O4)O3)C2O)C(O)C1O)C(O)CCCCCCCCCCCCCCC,0
O=C1c2ccc(O)cc2OCC1c1ccc(O)cc1,0
CC(C)(OC1OC(CO)C(O)C(O)C1O)C1CC=C(CO)CC1,0
C=C1CC[C@]2(CO)C(O)C[C@]3(C)C(CCC4[C@@]5(C)CCC(O)C(C)(C)C5CC[C@]43C)C2C1C,0
CCC1CCC2C3CCC4CCCC[C@@]4(C)C3CC[C@@]12C,0
C=C1C(O)CC2CC1C2(C)C,0
COC(=O)[C@@]1(C)C(OC(C)=O)CC[C@@]2(C)C1CC[C@]1(C)C2C(=O)C=C2C3C(C)C(C)CC[C@]3(C)CC[C@]21C,0
CC1(C)C(=O)[C@@]2(C)CCC1C2,0
CC1=C2C(CC3CCC(O)C(C)[C@@]3(C)C2OC(=O)[C@]2(C)OC2C)OC1=O,0
NCCCCC(N)C(=O)NC(Cc1ccc(O)cc1)C(=O)O,0
CC1CNC(=O)NC1=O,0
C=C1CCC2O[C@]2(C)CCC2C1CC2(C)C,0
COc1ccc(CCN(C)CCC[C@@](C#N)(c2ccc(OC)c(OC)c2)C(C)C)cc1O,0
Nc1ccc(-c2ccccc2)cn1,0
C=CCCCCCCCCC=O,0
CCCCCCCCCCCCCCCC(=O)OCc1cc(OC)c(C/C=C(\C)CC(=O)C=C(C)C)c(O)c1C=O,0
C[C@]12C=CC(=O)CC1CCC1C2CC[C@]2(C)C(O)CCC12,0
COC1=C(O)C(=O)C(C)=C(C/C=C(/C)CC/C=C(\C)CC/C=C(\C)CC/C=C(\C)CC/C=C(\C)CC/C=C(\C)CC/C=C(\C)CC/C=C(\C)CC/C=C(\C)CCC=C(C)C)C1=O,0
CCCCCCCCCCC(O)C1CCC(C(O)CCCCCC(O)CCCCCCC2CC(CC(C)=O)C(=O)O2)O1,0
CC1(C)C(CC=O)CC2O[C@]21C,0
CC(=O)Oc1cc(C(C)C)ccc1C,0
O=C1c2c(O)cc(O)cc2OC(c2ccc(O)cc2)C1O,0
O=C(O)c1ccc(CO)o1,0
Nc1cncn1C1OC(COP(=O)(O)O)C(O)C1O,0
C/C(=C\C(O)CC(C)C1CC(=O)[C@]2(C)C3=C(C(=O)C[C@]12C)[C@@]1(C)CCC(O)C(C)(C)C1CC3=O)C(=O)O,0
CC1(C)CC[C@]2(CO)CC[C@]3(C)C(=CCC4[C@@]5(C)CCC(O)C(C)(C)C5CC[C@]43C)C2C1,0
C=C(C=O)CCCC(C)CCCC(C)CCCC(C)C,0
CC(=C/C=C/C(C)=C/C=C/C=C(C)/C=C/C=C(C)/C=C/C(=O)[C@@]1(C)CC(O)CC1(C)C)/C=C/[C@]12O[C@@]1(C)CC(O)CC2(C)C,0
CC(C)CCCC(C)CCCC(C)C(=O)O,0
CCCCCCCCCCCCCCCC(O)C(COC1OC(CO)C(OC2OC(CO)C(O)C(O[C@]3(C(=O)O)CC(O)C(NC(C)=O)C(C(O)C(O)CO)O3)C2O)C(O)C1O)NC(=O)CCCCCCCCCCCCC,0
CCCCCCCCCCCCCCCC(=O)NC(COP(=O)(O)OCC[N+](C)(C)C)C(O)CCCCCCCCCCCCCCC,0
C=C(CCC(C)C1CCC2C3CC=C4CC(O)CC[C@@]4(C)C3CC[C@@]12C)C(C)(C)C,0
C/C(=C\C=O)CCCC(C)CCCC(C)CCCC(C)C,0
NC(CCC(=O)NC(CS)C(=O)O)C(=O)O,0
COC1=CC(=O)C(C)=C(C/C=C(\C)CC/C=C(\C)CC/C=C(\C)CC/C=C(\C)CC/C=C(\C)CCC=C(C)C)C1=O,0
C=C1CCC[C@]2(C)CC[C@](O)(C(=C)CO)CC12,0
O=C(O)c1ccco1,0
SCCCCCCS,0
CC(=O)C1=CCC2C3CC=C4CC(OC5OC(CO)C(OC6OC(C)C(OC7OC(C)C(OC8OC(C)C(O)C(O)C8O)C(O)C7O)C(O)C6O)C(O)C5O)CC[C@@]4(C)C3CC[C@]12C,0
C[C@]12Cc3c([nH][nH]c3=O)CC1CCC1C2CC[C@@]2(C)C1CC[C@]2(C)O,0
CCCCCCCCCCCCC/C=C/C(O)C(CO[P@@](=O)([O-])OCC[N+](C)(C)C)NC(=O)CCCCCCCCCCCCCCCCCCCCCC,0
C=C(C)C1CC[C@]2(CO)C(O)C[C@]3(C)C(CCC4[C@@]5(C)CCC(O)C(C)(C)C5CC[C@]43C)C12,0
COc1ccc2c(=O)c(-c3ccc(OC)c(OC)c3)coc2c1,0
CC(CC[C@@]1(O)OC2CC3C4CC(O)C5CC(OC6OC(CO)C(OC7OC(CO)C(O)C(O)C7O)C(O)C6O)C(O)C[C@@]5(C)C4CC[C@]3(C)C2C1C)COC1OC(CO)C(O)C(O)C1O,0
O=C(O)CC(O)C(O)CO,0
CCCCCCCCCCCCC/C=C/C(O)C(COC1OC(CO)C(OC2OC(CO)C(OC3OC(CO)C(O)C(O)C3NC(C)=O)C(O[C@@]3(C(=O)O)CC(O)C(NC(C)=O)C(C(O)C(CO)O[C@]4(C(=O)O)CC(O)C(NC(C)=O)C(C(O)C(O)CO)O4)O3)C2O)C(O)C1O)NC(=O)CCCCCCCCCCCCCCCCCCCCC,0
C=C(C)CCCC(C)CCOC=O,0
COC1=CC(=O)OC(CCc2ccccc2)C1,0
CC1(C)C=Cc2c(O)cc(/C=C\c3ccc(O)cc3O)cc2O1,0
CSCCO,0
O=CCO,0
C=C(C)C1CC[C@]2(C(=O)O)CC[C@]3(C)C(CCC4[C@@]5(C)C(C(=O)O)C(O)C(C)(C)C5CC[C@]43C)C12,0
CC(C)=CC1C[C@](C)(O)C2C3CCC4[C@]5(C)CCC(OC6OCC(O)C(OC7OC(CO)C(O)C(O)C7O)C6OC6OC(C)C(O)C(O)C6O)C(C)(C)C5CC[C@]4(C)[C@]34CO[C@]2(C4)O1,0
CCCCCCCC/C=C\CCCCCCCCCCCC(=O)NC(COC1OC(CO)C(OC2OC(CO)C(O)C(O[C@@]3(C(=O)O)CC(O)C(NC(C)=O)C(C(O)C(O)CO)O3)C2O)C(O)C1O)C(O)/C=C/CCCCCCCCCCCCC,0
O=C(O)c1cc(O)ccc1O,0
CC1(C)C=CC2(C=CC(C)(C)O2)O1,0
C=C[C@@]1(C)CCC(C(=C)C)O1,0
CC1=CC=C2C(C)(C)CC=C[C@@]12C,0
C=C[C@](C)(O)CCC1[C@@]2(C)CCCC(C)(C)C2CC[C@@]1(C)O,0
CCCCCCCCCCCCCCCCCCCCCCCCCC(=O)NCC(C)C,0
CC(C)C1=CC2=C(CCC2C)C(C)CC1,0
CC(=O)OC1CC2[C@](C)(CCC[C@@]2(C)CO)C2CCC3C[C@]12C1O[C@@]31C,0
CC1=COC(=O)C2C(C)CCC12,0
CCCCCCCCCCCCC/C=C/C(O)C(COC1OC(CO)C(OC2OC(CO)C(OC3OC(CO)C(O)C(OC4OC(CO)C(O)C(O[C@]5(C(=O)O)CC(O)C(NC(C)=O)C(C(O)C(O)CO)O5)C4O)C3CC(C)=O)C(O[C@]3(C(=O)O)CC(O)C(NC(C)=O)C(C(O)C(CO)O[C@]4(C(=O)O)CC(O)C(NC(C)=O)C(C(O)C(CO)O[C@]5(C(=O)O)CC(O)C(NC(C)=O)C(C(O)C(O)CO)O5)O4)O3)C2O)C(O)C1O)NC(=O)CCCCCCCCCCC,0
C/C=C(/CCC(C)C1CC[C@]2(C)C3CCC4C(C)C(O)CC[C@@]4(C)C3=CC[C@@]12C)C(C)C,0
CCOP(=O)(O)O,0
O=C(CCc1ccc(O)cc1)c1c(O)cc(O)cc1OC1OC(CO)C(O)C(O)C1OC1OC(CO)C(O)C1O,0
N/C(=C/C=C\C(=O)O)C(=O)O,0
COC1=CC(C)C2CC3OC(O)CC4C(C)C(=O)C(O)C([C@@]2(C)C1=O)[C@@]34C,0
CC(=O)Oc1ccccc1C(=O)O,1
Cc1nc[nH]c1CN1CCc2c(c3ccccc3n2C)C1=O,1
CC(C)CN(C[C@@H](O)[C@H](Cc1ccccc1)NC(=O)O[C@H]1CCOC1)S(=O)(=O)c1ccc(N)cc1,1
C=C(c1ccc(C(=O)O)cc1)c1cc2c(cc1C)C(C)(C)CCC2(C)C,1
CC(C)C[C@H](NC(=O)[C@@H](Cc1ccccc1)NC(=O)c1cnccn1)B(O)O,1
CN(C)CC[C@@H](c1ccc(Br)cc1)c1ccccn1,1
C[C@H](NC(C)(C)C)C(=O)c1cccc(Cl)c1,1
COc1cc(CNC(=O)CCCCC=CC(C)C)ccc1O,1
CN(C)CCO[C@@H](c1ccc(Cl)cc1)c1ccccn1,1
COc1ccccc1OCCNC[C@@H](O)COc1cccc2[nH]c3ccccc3c12,1
C(=Cc1ccccc1)CN1CCN(C(c2ccccc2)c2ccccc2)CC1,1
COc1cc(N)c(Cl)cc1C(=O)N[C@@H]1CCN(CCCOc2ccc(F)cc2)C[C@H]1OC,1
C[C@H](CN(C)C)CN1c2ccccc2Sc2ccc(C#N)cc21,1
C#C[C@]1(O)CC[C@H]2[C@@H]3CCC4=CCCC[C@@H]4[C@H]3C(=C)C[C@@]21CC,1
COc1ccc2c(c1)[C@]13CCCC[C@@H]1[C@H](C2)N(C)CC3,1
O=C(O[C@@H]1C[C@@H]2C[C@@H]3C[C@H](C1)N2CC3=O)c1c[nH]c2ccccc12,1
NCCc1ccc(O)c(O)c1,1
CCN[C@@H]1C[C@@H](C)S(=O)(=O)c2sc(S(N)(=O)=O)cc21,1
CN(C)CCC=C1c2ccccc2COc2ccccc21,1
CCCCCc1cc(O)c2c(c1)OC(C)(C)[C@@H]1CCC(C)=C[C@@H]21,1
CCCCC[C@H](O)C=C[C@H]1[C@H](O)C[C@@H]2OC(=CCCCC(=O)O)C[C@@H]21,1
CN[C@]1(c2ccccc2Cl)CCCCC1=O,1
C[C@@]12CC[C@@H]3c4ccc(O)cc4CC[C@H]3[C@@H]1CC[C@H]2O,1
C[C@]12CC[C@@H]3c4ccc(O)cc4CC[C@H]3[C@@H]1CCC2=O,1
C#C[C@]1(O)CC[C@H]2[C@@H]3CCc4cc(O)ccc4[C@H]3CC[C@@]21C,1
OC(Cn1cncn1)(Cn1cncn1)c1ccc(F)cc1F,1
Fc1ccc(C(c2ccc(F)cc2)N2CCN(CC=Cc3ccccc3)CC2)cc1,1
C[C@H](C(=O)O)c1ccc(-c2ccccc2)c(F)c1,1
COc1ccc(C[C@H](C)NC[C@@H](O)c2ccc(O)c(NC=O)c2)cc1,1
CC(C)CN(C[C@@H](OP(=O)(O)O)[C@H](Cc1ccccc1)NC(=O)O[C@H]1CCOC1)S(=O)(=O)c1ccc(N)cc1,1
CCC1=C(C)CN(C(=O)NCCc2ccc(S(=O)(=O)NC(=O)N[C@H]3CC[C@H](C)CC3)cc2)C1=O,1
Cc1ccc(C(=O)NCCc2ccc(S(=O)(=O)NC(=O)NC3CCCCC3)cc2)nc1,1
CCCCN(CCCC)CC[C@H](O)c1cc2c(Cl)cc(Cl)cc2c2cc(C(F)(F)F)ccc12,1
FC(F)(F)[C@@H](Cl)Br,1
CN1C(=O)[C@](C)(C2=CCCCC2)C(=O)N=C1O,1
CN1CC[C@]23c4c5ccc(O)c4O[C@H]2C(=O)CC[C@H]3[C@H]1C5,1
CC(=O)[C@]1(O)Cc2c(O)c3c(c(O)c2[C@@H](O[C@H]2C[C@H](N)[C@H](O)[C@H](C)O2)C1)C(=O)c1ccccc1C3=O,1
CN[C@@]1(c2ccccc2Cl)CCCCC1=O,1
CC[C@@]1(c2ccccc2)NC(=O)N(C)C1=O,1
CCC(=O)C(C[C@H](C)N(C)C)(c1ccccc1)c1ccccc1,1
COC(F)(F)C(Cl)Cl,1
CN1CCN2c3ncccc3Cc3ccccc3[C@H]2C1,1
COc1ccc2cc([C@H](C)C(=O)O)ccc2c1,1
CC(C)[C@H]1CC[C@H](C(=O)N[C@@H](Cc2ccccc2)C(=O)O)CC1,1
CN1CCC[C@H]1c1cccnc1,1
Cc1nccn1C[C@H]1CCc2c(c3ccccc3n2C)C1=O,1
O=C(O)CCc1nc(-c2ccccc2)c(-c2ccccc2)o1,1
CC(=O)O[C@H]1C(=O)[C@]2(C)[C@@H](O)C[C@H]3OC[C@@]3(OC(C)=O)[C@H]2[C@H](OC(=O)c2ccccc2)[C@]2(O)C[C@H](OC(=O)[C@H](O)[C@@H](NC(=O)c3ccccc3)c3ccccc3)C(C)=C1C2(C)C,1
CC[C@H](c1ccccc1)c1c(O)c2ccccc2oc1=O,1
CS(=O)(=O)c1ccc(C2=C(c3ccccc3)C(=O)OC2)cc1,1
CN(CCOc1ccc(C[C@@H]2SC(=O)NC2=O)cc1)c1ccccn1,1
CC(C)c1nc(N(C)S(C)(=O)=O)nc(-c2ccc(F)cc2)c1C=C[C@H](O)C[C@@H](O)CC(=O)O,1
CN1C(=O)[C@H](O)N=C(c2ccccc2)c2cc(Cl)ccc21,1
CN1C(C(=O)Nc2ccccn2)=C(O)c2sccc2S1(=O)=O,1
CN(CC=CC#CC(C)(C)C)Cc1cccc2ccccc12,1
CC(C)(C)c1ccc([C@@H](O)CCCN2CCC(C(O)(c3ccccc3)c3ccccc3)CC2)cc1,1
CCC(=O)O[C@H]1CC[C@H]2[C@@H]3CCC4=CC(=O)CC[C@]4(C)[C@H]3CC[C@]12C,1
O=C1CC[C@@H](N2C(=O)c3ccccc3C2=O)C(=O)N1,1
Cc1ccc(O)c([C@@H](CCN(C(C)C)C(C)C)c2ccccc2)c1,1
COc1cc2c(cc1O)CCN[C@]21CS[C@@H]2c3c(OC(C)=O)c(C)c4c(c3[C@H](COC1=O)N1[C@@H](O)[C@@H]3Cc5cc(C)c(OC)c(O)c5[C@H]([C@H]21)N3C)OCO4,1
C[C@H](CN(C)C)CN1c2ccccc2CCc2ccccc21,1
COc1ccc([C@@H](CN(C)C)C2(O)CCCCC2)cc1,1
C[C@@H](c1ncncc1F)[C@](O)(Cn1cncn1)c1ccc(F)cc1F,1
CC(=O)C[C@H](c1ccccc1)c1c(O)c2ccccc2oc1=O,1
CCOC(=O)CN[C@@H](C(=O)N1CC[C@H]1C(=O)NCc1ccc(C=NNO)cc1)C1CCCCC1,1
Nc1ccn([C@H]2CC[C@@H](CO)O2)c(=O)n1,1
Cc1cn([C@H]2C[C@H](N=[N+]=[N-])[C@@H](CO)O2)c(=O)[nH]c1=O,1
CN1CCN(C(=O)O[C@@H]2c3nccnc3C(=O)N2c2ccc(Cl)cn2)CC1,1
